Property,Value
NIDAQSCXIDigitalInput.CRANK TO ECU.Tag,"CRANK TO ECU"
NIDAQSCXIDigitalInput.CRANK TO ECU.Description,"BLK(A-13) IO(112)"
NIDAQSCXIDigitalInput.CRANK TO ECU.Detail,"CAB(X001-A4C)  WIRE(S132)"
NIDAQSCXIDigitalInput.CRANK TO ECU.Drawing,""
NIDAQSCXIDigitalInput.CRANK TO ECU.Enabled,"0"
NIDAQSCXIDigitalInput.CRANK TO ECU.DisplayGroup,"Digital Inputs"
NIDAQSCXIDigitalInput.CRANK TO ECU.Format,""
NIDAQSCXIDigitalInput.CRANK TO ECU.Module,"1"
NIDAQSCXIDigitalInput.CRANK TO ECU.Port,"0"
NIDAQSCXIDigitalInput.CRANK TO ECU.Channel,"12"
NIDAQSCXIDigitalInput.CRANK TO ECU.Mask,"1"
NIDAQSCXIDigitalInput.CRANK TO ECU.ChassisID,"1"
NIDAQSCXIDigitalInput.CRANK TO ECU.Value,"0"
NIDAQSCXIDigitalInput.BRAKE PRESSURE SWITCH SWPWR.Tag,"BRAKE PRESSURE SWITCH SWPWR"
NIDAQSCXIDigitalInput.BRAKE PRESSURE SWITCH SWPWR.Description,"BLK(A-1) IO(100)"
NIDAQSCXIDigitalInput.BRAKE PRESSURE SWITCH SWPWR.Detail,"CAB(X001-A8A)  WIRE(S055)"
NIDAQSCXIDigitalInput.BRAKE PRESSURE SWITCH SWPWR.Drawing,""
NIDAQSCXIDigitalInput.BRAKE PRESSURE SWITCH SWPWR.Enabled,"0"
NIDAQSCXIDigitalInput.BRAKE PRESSURE SWITCH SWPWR.DisplayGroup,"Digital Inputs"
NIDAQSCXIDigitalInput.BRAKE PRESSURE SWITCH SWPWR.Format,""
NIDAQSCXIDigitalInput.BRAKE PRESSURE SWITCH SWPWR.Module,"1"
NIDAQSCXIDigitalInput.BRAKE PRESSURE SWITCH SWPWR.Port,"0"
NIDAQSCXIDigitalInput.BRAKE PRESSURE SWITCH SWPWR.Channel,"0"
NIDAQSCXIDigitalInput.BRAKE PRESSURE SWITCH SWPWR.Mask,"1"
NIDAQSCXIDigitalInput.BRAKE PRESSURE SWITCH SWPWR.ChassisID,"1"
NIDAQSCXIDigitalInput.BRAKE PRESSURE SWITCH SWPWR.Value,"1"
NIDAQSCXIDigitalInput.WASHER PUMP FandR.Tag,"WASHER PUMP FandR"
NIDAQSCXIDigitalInput.WASHER PUMP FandR.Description,"BLK(A-18) IO(117)"
NIDAQSCXIDigitalInput.WASHER PUMP FandR.Detail,"CAB(X001-A2A)  WIRE(6005)"
NIDAQSCXIDigitalInput.WASHER PUMP FandR.Drawing,""
NIDAQSCXIDigitalInput.WASHER PUMP FandR.Enabled,"0"
NIDAQSCXIDigitalInput.WASHER PUMP FandR.DisplayGroup,"Digital Inputs"
NIDAQSCXIDigitalInput.WASHER PUMP FandR.Format,""
NIDAQSCXIDigitalInput.WASHER PUMP FandR.Module,"1"
NIDAQSCXIDigitalInput.WASHER PUMP FandR.Port,"0"
NIDAQSCXIDigitalInput.WASHER PUMP FandR.Channel,"17"
NIDAQSCXIDigitalInput.WASHER PUMP FandR.Mask,"1"
NIDAQSCXIDigitalInput.WASHER PUMP FandR.ChassisID,"1"
NIDAQSCXIDigitalInput.WASHER PUMP FandR.Value,"0"
NIDAQSCXIDigitalInput.WASHER PUMP LandR.Tag,"WASHER PUMP LandR"
NIDAQSCXIDigitalInput.WASHER PUMP LandR.Description,"BLK(A-17) IO(116)"
NIDAQSCXIDigitalInput.WASHER PUMP LandR.Detail,"CAB(X001-A3A)  WIRE(6022)"
NIDAQSCXIDigitalInput.WASHER PUMP LandR.Drawing,""
NIDAQSCXIDigitalInput.WASHER PUMP LandR.Enabled,"0"
NIDAQSCXIDigitalInput.WASHER PUMP LandR.DisplayGroup,"Digital Inputs"
NIDAQSCXIDigitalInput.WASHER PUMP LandR.Format,""
NIDAQSCXIDigitalInput.WASHER PUMP LandR.Module,"1"
NIDAQSCXIDigitalInput.WASHER PUMP LandR.Port,"0"
NIDAQSCXIDigitalInput.WASHER PUMP LandR.Channel,"16"
NIDAQSCXIDigitalInput.WASHER PUMP LandR.Mask,"1"
NIDAQSCXIDigitalInput.WASHER PUMP LandR.ChassisID,"1"
NIDAQSCXIDigitalInput.WASHER PUMP LandR.Value,"0"
NIDAQSCXIDigitalOutput.TRANS OIL FILTER RESTRICTION SW.Tag,"TRANS OIL FILTER RESTRICTION SW"
NIDAQSCXIDigitalOutput.TRANS OIL FILTER RESTRICTION SW.Description,"BLK(B-22) IO(419)"
NIDAQSCXIDigitalOutput.TRANS OIL FILTER RESTRICTION SW.Detail,"CAB(X001-A7A)  WIRE(2031)"
NIDAQSCXIDigitalOutput.TRANS OIL FILTER RESTRICTION SW.Drawing,""
NIDAQSCXIDigitalOutput.TRANS OIL FILTER RESTRICTION SW.Enabled,"0"
NIDAQSCXIDigitalOutput.TRANS OIL FILTER RESTRICTION SW.DisplayGroup,"Digital Outputs"
NIDAQSCXIDigitalOutput.TRANS OIL FILTER RESTRICTION SW.Format,""
NIDAQSCXIDigitalOutput.TRANS OIL FILTER RESTRICTION SW.Module,"4"
NIDAQSCXIDigitalOutput.TRANS OIL FILTER RESTRICTION SW.Port,"0"
NIDAQSCXIDigitalOutput.TRANS OIL FILTER RESTRICTION SW.Channel,"19"
NIDAQSCXIDigitalOutput.TRANS OIL FILTER RESTRICTION SW.Mask,"0"
NIDAQSCXIDigitalOutput.TRANS OIL FILTER RESTRICTION SW.ChassisID,"1"
NIDAQSCXIDigitalOutput.TRANS OIL FILTER RESTRICTION SW.Value,"0"
NIDAQSCXIDigitalInput.HORN.Tag,"HORN"
NIDAQSCXIDigitalInput.HORN.Description,"BLK(A-14) IO(113)"
NIDAQSCXIDigitalInput.HORN.Detail,"CAB(X001-A5C)  WIRE(8002)"
NIDAQSCXIDigitalInput.HORN.Drawing,""
NIDAQSCXIDigitalInput.HORN.Enabled,"0"
NIDAQSCXIDigitalInput.HORN.DisplayGroup,"NIDAQSCXIDigitalInput"
NIDAQSCXIDigitalInput.HORN.Format,""
NIDAQSCXIDigitalInput.HORN.Module,"1"
NIDAQSCXIDigitalInput.HORN.Port,"0"
NIDAQSCXIDigitalInput.HORN.Channel,"13"
NIDAQSCXIDigitalInput.HORN.Mask,"1"
NIDAQSCXIDigitalInput.HORN.ChassisID,"1"
NIDAQSCXIDigitalInput.HORN.Value,"0"
NIDAQSCXIDigitalOutput.ALTERNATOR CHARGE.Tag,"ALTERNATOR CHARGE"
NIDAQSCXIDigitalOutput.ALTERNATOR CHARGE.Description,"BLK(B-8) IO(410)"
NIDAQSCXIDigitalOutput.ALTERNATOR CHARGE.Detail,"CAB(X001-A4A)  WIRE(2133)"
NIDAQSCXIDigitalOutput.ALTERNATOR CHARGE.Drawing,""
NIDAQSCXIDigitalOutput.ALTERNATOR CHARGE.Enabled,"0"
NIDAQSCXIDigitalOutput.ALTERNATOR CHARGE.DisplayGroup,"NIDAQSCXIDigitalOutput"
NIDAQSCXIDigitalOutput.ALTERNATOR CHARGE.Format,""
NIDAQSCXIDigitalOutput.ALTERNATOR CHARGE.Module,"4"
NIDAQSCXIDigitalOutput.ALTERNATOR CHARGE.Port,"0"
NIDAQSCXIDigitalOutput.ALTERNATOR CHARGE.Channel,"10"
NIDAQSCXIDigitalOutput.ALTERNATOR CHARGE.Mask,"0"
NIDAQSCXIDigitalOutput.ALTERNATOR CHARGE.ChassisID,"1"
NIDAQSCXIDigitalOutput.ALTERNATOR CHARGE.Value,"0"
NIDAQSCXIDigitalOutput.HYD FILTER RESTRICTION.Tag,"HYD FILTER RESTRICTION"
NIDAQSCXIDigitalOutput.HYD FILTER RESTRICTION.Description,"BLK(B-20) IO(417)"
NIDAQSCXIDigitalOutput.HYD FILTER RESTRICTION.Detail,"CAB(X001-A1B)  WIRE(2111)"
NIDAQSCXIDigitalOutput.HYD FILTER RESTRICTION.Drawing,""
NIDAQSCXIDigitalOutput.HYD FILTER RESTRICTION.Enabled,"0"
NIDAQSCXIDigitalOutput.HYD FILTER RESTRICTION.DisplayGroup,"NIDAQSCXIDigitalOutput"
NIDAQSCXIDigitalOutput.HYD FILTER RESTRICTION.Format,""
NIDAQSCXIDigitalOutput.HYD FILTER RESTRICTION.Module,"4"
NIDAQSCXIDigitalOutput.HYD FILTER RESTRICTION.Port,"0"
NIDAQSCXIDigitalOutput.HYD FILTER RESTRICTION.Channel,"17"
NIDAQSCXIDigitalOutput.HYD FILTER RESTRICTION.Mask,"0"
NIDAQSCXIDigitalOutput.HYD FILTER RESTRICTION.ChassisID,"1"
NIDAQSCXIDigitalOutput.HYD FILTER RESTRICTION.Value,"0"
NIDAQSCXIDigitalInput.AC CLUTCH.Tag,"AC CLUTCH"
NIDAQSCXIDigitalInput.AC CLUTCH.Description,"BLK(A-14) IO(113)"
NIDAQSCXIDigitalInput.AC CLUTCH.Detail,"CAB(X001-A7B)  WIRE(8002)"
NIDAQSCXIDigitalInput.AC CLUTCH.Drawing,""
NIDAQSCXIDigitalInput.AC CLUTCH.Enabled,"0"
NIDAQSCXIDigitalInput.AC CLUTCH.DisplayGroup,"NIDAQSCXIDigitalInput"
NIDAQSCXIDigitalInput.AC CLUTCH.Format,""
NIDAQSCXIDigitalInput.AC CLUTCH.Module,"1"
NIDAQSCXIDigitalInput.AC CLUTCH.Port,"0"
NIDAQSCXIDigitalInput.AC CLUTCH.Channel,"15"
NIDAQSCXIDigitalInput.AC CLUTCH.Mask,"1"
NIDAQSCXIDigitalInput.AC CLUTCH.ChassisID,"1"
NIDAQSCXIDigitalInput.AC CLUTCH.Value,"0"
NIDAQSCXIDigitalInput.START SIGNAL.Tag,"START SIGNAL"
NIDAQSCXIDigitalInput.START SIGNAL.Description,"BLK(A-12) IO(111)"
NIDAQSCXIDigitalInput.START SIGNAL.Detail,"CAB(X001-A1A)  WIRE(E172)"
NIDAQSCXIDigitalInput.START SIGNAL.Drawing,""
NIDAQSCXIDigitalInput.START SIGNAL.Enabled,"0"
NIDAQSCXIDigitalInput.START SIGNAL.DisplayGroup,"NIDAQSCXIDigitalInput"
NIDAQSCXIDigitalInput.START SIGNAL.Format,""
NIDAQSCXIDigitalInput.START SIGNAL.Module,"1"
NIDAQSCXIDigitalInput.START SIGNAL.Port,"0"
NIDAQSCXIDigitalInput.START SIGNAL.Channel,"14"
NIDAQSCXIDigitalInput.START SIGNAL.Mask,"1"
NIDAQSCXIDigitalInput.START SIGNAL.ChassisID,"1"
NIDAQSCXIDigitalInput.START SIGNAL.Value,"0"
NIDAQSCXIDigitalOutput.CHARGE PRESSURE.Tag,"CHARGE PRESSURE"
NIDAQSCXIDigitalOutput.CHARGE PRESSURE.Description,"BLK(B-21) IO(418)"
NIDAQSCXIDigitalOutput.CHARGE PRESSURE.Detail,"CAB(X001-A3B)  WIRE(2051)"
NIDAQSCXIDigitalOutput.CHARGE PRESSURE.Drawing,""
NIDAQSCXIDigitalOutput.CHARGE PRESSURE.Enabled,"0"
NIDAQSCXIDigitalOutput.CHARGE PRESSURE.DisplayGroup,"NIDAQSCXIDigitalOutput"
NIDAQSCXIDigitalOutput.CHARGE PRESSURE.Format,""
NIDAQSCXIDigitalOutput.CHARGE PRESSURE.Module,"4"
NIDAQSCXIDigitalOutput.CHARGE PRESSURE.Port,"0"
NIDAQSCXIDigitalOutput.CHARGE PRESSURE.Channel,"18"
NIDAQSCXIDigitalOutput.CHARGE PRESSURE.Mask,"0"
NIDAQSCXIDigitalOutput.CHARGE PRESSURE.ChassisID,"1"
NIDAQSCXIDigitalOutput.CHARGE PRESSURE.Value,"0"
NIDAQSCXIAnalogInput.BRAKE SOLENOID.Tag,"BRAKE SOLENOID"
NIDAQSCXIAnalogInput.BRAKE SOLENOID.Description,"BLK(A-77) IO(604)"
NIDAQSCXIAnalogInput.BRAKE SOLENOID.Detail,"CAB(X001-A5A)  WIRE(K272)"
NIDAQSCXIAnalogInput.BRAKE SOLENOID.Drawing,""
NIDAQSCXIAnalogInput.BRAKE SOLENOID.Enabled,"0"
NIDAQSCXIAnalogInput.BRAKE SOLENOID.DisplayGroup,"NIDAQSCXIAnalogInput"
NIDAQSCXIAnalogInput.BRAKE SOLENOID.Format,"0"
NIDAQSCXIAnalogInput.BRAKE SOLENOID.Unit,""
NIDAQSCXIAnalogInput.BRAKE SOLENOID.Device,"1"
NIDAQSCXIAnalogInput.BRAKE SOLENOID.Module,"6"
NIDAQSCXIAnalogInput.BRAKE SOLENOID.Channel,"4"
NIDAQSCXIAnalogInput.BRAKE SOLENOID.Gain,"1"
NIDAQSCXIAnalogInput.BRAKE SOLENOID.Samples,"1"
NIDAQSCXIAnalogInput.BRAKE SOLENOID.RWV1,"0"
NIDAQSCXIAnalogInput.BRAKE SOLENOID.RWV2,"1"
NIDAQSCXIAnalogInput.BRAKE SOLENOID.Offset,"0"
NIDAQSCXIAnalogInput.BRAKE SOLENOID.Scaling,"10"
NIDAQSCXIAnalogInput.BRAKE SOLENOID.CalibrationTag,""
NIDAQSCXIAnalogInput.BRAKE SOLENOID.ChassisID,"1"
NIDAQSCXIAnalogInput.BRAKE SOLENOID.Value,"0"
NIDAQSCXIAnalogInput.BRAKE SOLENOID.RawValue,"0"
NIDAQSCXIAnalogInput.BRAKE SOLENOID.InputMode,"1"
NIDAQSCXIAnalogInput.BRAKE SOLENOID.InputRange,"10"
NIDAQSCXIAnalogInput.BRAKE SOLENOID.Polarity,"0"
NIDAQSCXIAnalogInput.ALTERNATOR EXCITE.Tag,"ALTERNATOR EXCITE"
NIDAQSCXIAnalogInput.ALTERNATOR EXCITE.Description,"BLK(A-92) IO(609)"
NIDAQSCXIAnalogInput.ALTERNATOR EXCITE.Detail,"CAB(X001-A1D)  WIRE(S111)"
NIDAQSCXIAnalogInput.ALTERNATOR EXCITE.Drawing,""
NIDAQSCXIAnalogInput.ALTERNATOR EXCITE.Enabled,"0"
NIDAQSCXIAnalogInput.ALTERNATOR EXCITE.DisplayGroup,"NIDAQSCXIAnalogInput"
NIDAQSCXIAnalogInput.ALTERNATOR EXCITE.Format,"0"
NIDAQSCXIAnalogInput.ALTERNATOR EXCITE.Unit,""
NIDAQSCXIAnalogInput.ALTERNATOR EXCITE.Device,"1"
NIDAQSCXIAnalogInput.ALTERNATOR EXCITE.Module,"6"
NIDAQSCXIAnalogInput.ALTERNATOR EXCITE.Channel,"9"
NIDAQSCXIAnalogInput.ALTERNATOR EXCITE.Gain,"1"
NIDAQSCXIAnalogInput.ALTERNATOR EXCITE.Samples,"1"
NIDAQSCXIAnalogInput.ALTERNATOR EXCITE.RWV1,"0"
NIDAQSCXIAnalogInput.ALTERNATOR EXCITE.RWV2,"1"
NIDAQSCXIAnalogInput.ALTERNATOR EXCITE.Offset,"0"
NIDAQSCXIAnalogInput.ALTERNATOR EXCITE.Scaling,"10"
NIDAQSCXIAnalogInput.ALTERNATOR EXCITE.CalibrationTag,""
NIDAQSCXIAnalogInput.ALTERNATOR EXCITE.ChassisID,"1"
NIDAQSCXIAnalogInput.ALTERNATOR EXCITE.Value,"10.888671875"
NIDAQSCXIAnalogInput.ALTERNATOR EXCITE.RawValue,"1.0888671875"
NIDAQSCXIAnalogInput.ALTERNATOR EXCITE.InputMode,"1"
NIDAQSCXIAnalogInput.ALTERNATOR EXCITE.InputRange,"10"
NIDAQSCXIAnalogInput.ALTERNATOR EXCITE.Polarity,"0"
NIDAQFreqOutput.LEFT SPEED SENSOR.Tag,"LEFT SPEED SENSOR"
NIDAQFreqOutput.LEFT SPEED SENSOR.Description,"BLK(B-83) IO(700)"
NIDAQFreqOutput.LEFT SPEED SENSOR.Detail,"CAB(X001-A2D)  WIRE(M280)"
NIDAQFreqOutput.LEFT SPEED SENSOR.Drawing,""
NIDAQFreqOutput.LEFT SPEED SENSOR.Enabled,"0"
NIDAQFreqOutput.LEFT SPEED SENSOR.DisplayGroup,"NIDAQFreqOutput"
NIDAQFreqOutput.LEFT SPEED SENSOR.Format,"0"
NIDAQFreqOutput.LEFT SPEED SENSOR.Unit,""
NIDAQFreqOutput.LEFT SPEED SENSOR.Device,"2"
NIDAQFreqOutput.LEFT SPEED SENSOR.Channel,"0"
NIDAQFreqOutput.LEFT SPEED SENSOR.EdgeMode,"0"
NIDAQFreqOutput.LEFT SPEED SENSOR.GateMode,"0"
NIDAQFreqOutput.LEFT SPEED SENSOR.OutputType,"0"
NIDAQFreqOutput.LEFT SPEED SENSOR.OutputPolarity,"0"
NIDAQFreqOutput.LEFT SPEED SENSOR.DutyCycle,"0.5"
NIDAQFreqOutput.LEFT SPEED SENSOR.Offset,"0"
NIDAQFreqOutput.LEFT SPEED SENSOR.Scaling,"1"
NIDAQFreqOutput.LEFT SPEED SENSOR.Value,"0"
NIDAQSCXIDigitalInput.KLINE TO ECU.Tag,"KLINE TO ECU"
NIDAQSCXIDigitalInput.KLINE TO ECU.Description,"BLK(A-21) IO(120)"
NIDAQSCXIDigitalInput.KLINE TO ECU.Detail,"CAB(X001-A6A)  WIRE(E893)"
NIDAQSCXIDigitalInput.KLINE TO ECU.Drawing,""
NIDAQSCXIDigitalInput.KLINE TO ECU.Enabled,"0"
NIDAQSCXIDigitalInput.KLINE TO ECU.DisplayGroup,"NIDAQSCXIDigitalInput"
NIDAQSCXIDigitalInput.KLINE TO ECU.Format,""
NIDAQSCXIDigitalInput.KLINE TO ECU.Module,"1"
NIDAQSCXIDigitalInput.KLINE TO ECU.Port,"0"
NIDAQSCXIDigitalInput.KLINE TO ECU.Channel,"20"
NIDAQSCXIDigitalInput.KLINE TO ECU.Mask,"1"
NIDAQSCXIDigitalInput.KLINE TO ECU.ChassisID,"1"
NIDAQSCXIDigitalInput.KLINE TO ECU.Value,"0"
NIDAQSCXIDigitalOutput.TRANSMISSION TEMP SENSOR.Tag,"TRANSMISSION TEMP SENSOR"
NIDAQSCXIDigitalOutput.TRANSMISSION TEMP SENSOR.Description,"BLK(B-58) IO(521)"
NIDAQSCXIDigitalOutput.TRANSMISSION TEMP SENSOR.Detail,"CAB(X001-A4B)  WIRE(1051)"
NIDAQSCXIDigitalOutput.TRANSMISSION TEMP SENSOR.Drawing,""
NIDAQSCXIDigitalOutput.TRANSMISSION TEMP SENSOR.Enabled,"0"
NIDAQSCXIDigitalOutput.TRANSMISSION TEMP SENSOR.DisplayGroup,"NIDAQSCXIDigitalOutput"
NIDAQSCXIDigitalOutput.TRANSMISSION TEMP SENSOR.Format,""
NIDAQSCXIDigitalOutput.TRANSMISSION TEMP SENSOR.Module,"5"
NIDAQSCXIDigitalOutput.TRANSMISSION TEMP SENSOR.Port,"0"
NIDAQSCXIDigitalOutput.TRANSMISSION TEMP SENSOR.Channel,"21"
NIDAQSCXIDigitalOutput.TRANSMISSION TEMP SENSOR.Mask,"0"
NIDAQSCXIDigitalOutput.TRANSMISSION TEMP SENSOR.ChassisID,"1"
NIDAQSCXIDigitalOutput.TRANSMISSION TEMP SENSOR.Value,"0"
NIDAQSCXIDigitalOutput.LEFT SPEED SENSOR DIR.Tag,"LEFT SPEED SENSOR DIR"
NIDAQSCXIDigitalOutput.LEFT SPEED SENSOR DIR.Description,"BLK(B-6) IO(408)"
NIDAQSCXIDigitalOutput.LEFT SPEED SENSOR DIR.Detail,"CAB(X001-A3D)  WIRE(H110)"
NIDAQSCXIDigitalOutput.LEFT SPEED SENSOR DIR.Drawing,""
NIDAQSCXIDigitalOutput.LEFT SPEED SENSOR DIR.Enabled,"0"
NIDAQSCXIDigitalOutput.LEFT SPEED SENSOR DIR.DisplayGroup,"NIDAQSCXIDigitalOutput"
NIDAQSCXIDigitalOutput.LEFT SPEED SENSOR DIR.Format,""
NIDAQSCXIDigitalOutput.LEFT SPEED SENSOR DIR.Module,"4"
NIDAQSCXIDigitalOutput.LEFT SPEED SENSOR DIR.Port,"0"
NIDAQSCXIDigitalOutput.LEFT SPEED SENSOR DIR.Channel,"8"
NIDAQSCXIDigitalOutput.LEFT SPEED SENSOR DIR.Mask,"0"
NIDAQSCXIDigitalOutput.LEFT SPEED SENSOR DIR.ChassisID,"1"
NIDAQSCXIDigitalOutput.LEFT SPEED SENSOR DIR.Value,"0"
NIDAQSCXIDigitalOutput.STARTER RELAY.Tag,"STARTER RELAY"
NIDAQSCXIDigitalOutput.STARTER RELAY.Description,"BLK(B-4) IO(406)"
NIDAQSCXIDigitalOutput.STARTER RELAY.Detail,"CAB(X001-A6B)  WIRE(E531)"
NIDAQSCXIDigitalOutput.STARTER RELAY.Drawing,""
NIDAQSCXIDigitalOutput.STARTER RELAY.Enabled,"0"
NIDAQSCXIDigitalOutput.STARTER RELAY.DisplayGroup,"NIDAQSCXIDigitalOutput"
NIDAQSCXIDigitalOutput.STARTER RELAY.Format,""
NIDAQSCXIDigitalOutput.STARTER RELAY.Module,"4"
NIDAQSCXIDigitalOutput.STARTER RELAY.Port,"0"
NIDAQSCXIDigitalOutput.STARTER RELAY.Channel,"6"
NIDAQSCXIDigitalOutput.STARTER RELAY.Mask,"0"
NIDAQSCXIDigitalOutput.STARTER RELAY.ChassisID,"1"
NIDAQSCXIDigitalOutput.STARTER RELAY.Value,"0"
NIDAQSCXIDigitalOutput.CAN 1.Tag,"CAN 1"
NIDAQSCXIDigitalOutput.CAN 1.Description,"BLK(B-97) IO(528)"
NIDAQSCXIDigitalOutput.CAN 1.Detail,"CAB(X001-A2C)  WIRE(E252)"
NIDAQSCXIDigitalOutput.CAN 1.Drawing,""
NIDAQSCXIDigitalOutput.CAN 1.Enabled,"0"
NIDAQSCXIDigitalOutput.CAN 1.DisplayGroup,"NIDAQSCXIDigitalOutput"
NIDAQSCXIDigitalOutput.CAN 1.Format,""
NIDAQSCXIDigitalOutput.CAN 1.Module,"5"
NIDAQSCXIDigitalOutput.CAN 1.Port,"0"
NIDAQSCXIDigitalOutput.CAN 1.Channel,"28"
NIDAQSCXIDigitalOutput.CAN 1.Mask,"0"
NIDAQSCXIDigitalOutput.CAN 1.ChassisID,"1"
NIDAQSCXIDigitalOutput.CAN 1.Value,"-1"
NIDAQSCXIDigitalOutput.AIR FILTER RESTRICTION.Tag,"AIR FILTER RESTRICTION"
NIDAQSCXIDigitalOutput.AIR FILTER RESTRICTION.Description,"BLK(B-19) IO(416)"
NIDAQSCXIDigitalOutput.AIR FILTER RESTRICTION.Detail,"CAB(X001-A2B)  WIRE(1241)"
NIDAQSCXIDigitalOutput.AIR FILTER RESTRICTION.Drawing,""
NIDAQSCXIDigitalOutput.AIR FILTER RESTRICTION.Enabled,"0"
NIDAQSCXIDigitalOutput.AIR FILTER RESTRICTION.DisplayGroup,"NIDAQSCXIDigitalOutput"
NIDAQSCXIDigitalOutput.AIR FILTER RESTRICTION.Format,""
NIDAQSCXIDigitalOutput.AIR FILTER RESTRICTION.Module,"4"
NIDAQSCXIDigitalOutput.AIR FILTER RESTRICTION.Port,"0"
NIDAQSCXIDigitalOutput.AIR FILTER RESTRICTION.Channel,"16"
NIDAQSCXIDigitalOutput.AIR FILTER RESTRICTION.Mask,"0"
NIDAQSCXIDigitalOutput.AIR FILTER RESTRICTION.ChassisID,"1"
NIDAQSCXIDigitalOutput.AIR FILTER RESTRICTION.Value,"0"
NIDAQSCXIAnalogInput.LEFT REVERSE PUMP.Tag,"LEFT REVERSE PUMP"
NIDAQSCXIAnalogInput.LEFT REVERSE PUMP.Description,"BLK(A-71) IO(602)"
NIDAQSCXIAnalogInput.LEFT REVERSE PUMP.Detail,"CAB(X001-A7D)  WIRE(C060)"
NIDAQSCXIAnalogInput.LEFT REVERSE PUMP.Drawing,""
NIDAQSCXIAnalogInput.LEFT REVERSE PUMP.Enabled,"0"
NIDAQSCXIAnalogInput.LEFT REVERSE PUMP.DisplayGroup,"NIDAQSCXIAnalogInput"
NIDAQSCXIAnalogInput.LEFT REVERSE PUMP.Format,"0"
NIDAQSCXIAnalogInput.LEFT REVERSE PUMP.Unit,""
NIDAQSCXIAnalogInput.LEFT REVERSE PUMP.Device,"1"
NIDAQSCXIAnalogInput.LEFT REVERSE PUMP.Module,"6"
NIDAQSCXIAnalogInput.LEFT REVERSE PUMP.Channel,"2"
NIDAQSCXIAnalogInput.LEFT REVERSE PUMP.Gain,"1"
NIDAQSCXIAnalogInput.LEFT REVERSE PUMP.Samples,"1"
NIDAQSCXIAnalogInput.LEFT REVERSE PUMP.RWV1,"0"
NIDAQSCXIAnalogInput.LEFT REVERSE PUMP.RWV2,"1"
NIDAQSCXIAnalogInput.LEFT REVERSE PUMP.Offset,"0"
NIDAQSCXIAnalogInput.LEFT REVERSE PUMP.Scaling,"10"
NIDAQSCXIAnalogInput.LEFT REVERSE PUMP.CalibrationTag,""
NIDAQSCXIAnalogInput.LEFT REVERSE PUMP.ChassisID,"1"
NIDAQSCXIAnalogInput.LEFT REVERSE PUMP.Value,"0.0244140625"
NIDAQSCXIAnalogInput.LEFT REVERSE PUMP.RawValue,"0.00244140625"
NIDAQSCXIAnalogInput.LEFT REVERSE PUMP.InputMode,"1"
NIDAQSCXIAnalogInput.LEFT REVERSE PUMP.InputRange,"10"
NIDAQSCXIAnalogInput.LEFT REVERSE PUMP.Polarity,"0"
NIDAQSCXIDigitalInput.ECU and WIF SENSOR POWER.Tag,"ECU and WIF SENSOR POWER"
NIDAQSCXIDigitalInput.ECU and WIF SENSOR POWER.Description,"BLK(A-20) IO(110)"
NIDAQSCXIDigitalInput.ECU and WIF SENSOR POWER.Detail,"CAB(X001-A8D)  WIRE(E371)"
NIDAQSCXIDigitalInput.ECU and WIF SENSOR POWER.Drawing,""
NIDAQSCXIDigitalInput.ECU and WIF SENSOR POWER.Enabled,"0"
NIDAQSCXIDigitalInput.ECU and WIF SENSOR POWER.DisplayGroup,"NIDAQSCXIDigitalInput"
NIDAQSCXIDigitalInput.ECU and WIF SENSOR POWER.Format,""
NIDAQSCXIDigitalInput.ECU and WIF SENSOR POWER.Module,"1"
NIDAQSCXIDigitalInput.ECU and WIF SENSOR POWER.Port,"0"
NIDAQSCXIDigitalInput.ECU and WIF SENSOR POWER.Channel,"10"
NIDAQSCXIDigitalInput.ECU and WIF SENSOR POWER.Mask,"1"
NIDAQSCXIDigitalInput.ECU and WIF SENSOR POWER.ChassisID,"1"
NIDAQSCXIDigitalInput.ECU and WIF SENSOR POWER.Value,"1"
NIDAQSCXIAnalogInput.RIGHT FORWARD PUMP.Tag,"RIGHT FORWARD PUMP"
NIDAQSCXIAnalogInput.RIGHT FORWARD PUMP.Description,"BLK(A-65) IO(600)"
NIDAQSCXIAnalogInput.RIGHT FORWARD PUMP.Detail,"CAB(X001-B2A)  WIRE(C190)"
NIDAQSCXIAnalogInput.RIGHT FORWARD PUMP.Drawing,""
NIDAQSCXIAnalogInput.RIGHT FORWARD PUMP.Enabled,"0"
NIDAQSCXIAnalogInput.RIGHT FORWARD PUMP.DisplayGroup,"NIDAQSCXIAnalogInput"
NIDAQSCXIAnalogInput.RIGHT FORWARD PUMP.Format,"0"
NIDAQSCXIAnalogInput.RIGHT FORWARD PUMP.Unit,""
NIDAQSCXIAnalogInput.RIGHT FORWARD PUMP.Device,"1"
NIDAQSCXIAnalogInput.RIGHT FORWARD PUMP.Module,"6"
NIDAQSCXIAnalogInput.RIGHT FORWARD PUMP.Channel,"0"
NIDAQSCXIAnalogInput.RIGHT FORWARD PUMP.Gain,"1"
NIDAQSCXIAnalogInput.RIGHT FORWARD PUMP.Samples,"1"
NIDAQSCXIAnalogInput.RIGHT FORWARD PUMP.RWV1,"0"
NIDAQSCXIAnalogInput.RIGHT FORWARD PUMP.RWV2,"1"
NIDAQSCXIAnalogInput.RIGHT FORWARD PUMP.Offset,"0"
NIDAQSCXIAnalogInput.RIGHT FORWARD PUMP.Scaling,"10"
NIDAQSCXIAnalogInput.RIGHT FORWARD PUMP.CalibrationTag,""
NIDAQSCXIAnalogInput.RIGHT FORWARD PUMP.ChassisID,"1"
NIDAQSCXIAnalogInput.RIGHT FORWARD PUMP.Value,"0.0244140625"
NIDAQSCXIAnalogInput.RIGHT FORWARD PUMP.RawValue,"0.00244140625"
NIDAQSCXIAnalogInput.RIGHT FORWARD PUMP.InputMode,"1"
NIDAQSCXIAnalogInput.RIGHT FORWARD PUMP.InputRange,"10"
NIDAQSCXIAnalogInput.RIGHT FORWARD PUMP.Polarity,"0"
NIDAQSCXIDigitalOutput.BRAKE PRESSURE SWITCH.Tag,"BRAKE PRESSURE SWITCH"
NIDAQSCXIDigitalOutput.BRAKE PRESSURE SWITCH.Description,"BLK(B-10) IO(412)"
NIDAQSCXIDigitalOutput.BRAKE PRESSURE SWITCH.Detail,"CAB(X001-B1B)  WIRE(C103)"
NIDAQSCXIDigitalOutput.BRAKE PRESSURE SWITCH.Drawing,""
NIDAQSCXIDigitalOutput.BRAKE PRESSURE SWITCH.Enabled,"0"
NIDAQSCXIDigitalOutput.BRAKE PRESSURE SWITCH.DisplayGroup,"NIDAQSCXIDigitalOutput"
NIDAQSCXIDigitalOutput.BRAKE PRESSURE SWITCH.Format,""
NIDAQSCXIDigitalOutput.BRAKE PRESSURE SWITCH.Module,"4"
NIDAQSCXIDigitalOutput.BRAKE PRESSURE SWITCH.Port,"0"
NIDAQSCXIDigitalOutput.BRAKE PRESSURE SWITCH.Channel,"12"
NIDAQSCXIDigitalOutput.BRAKE PRESSURE SWITCH.Mask,"0"
NIDAQSCXIDigitalOutput.BRAKE PRESSURE SWITCH.ChassisID,"1"
NIDAQSCXIDigitalOutput.BRAKE PRESSURE SWITCH.Value,"-1"
NIDAQFreqOutput.RIGHT SPEED SENSOR.Tag,"RIGHT SPEED SENSOR"
NIDAQFreqOutput.RIGHT SPEED SENSOR.Description,"BLK(B-86) IO(701)"
NIDAQFreqOutput.RIGHT SPEED SENSOR.Detail,"CAB(X001-A6C)  WIRE(M200)"
NIDAQFreqOutput.RIGHT SPEED SENSOR.Drawing,""
NIDAQFreqOutput.RIGHT SPEED SENSOR.Enabled,"0"
NIDAQFreqOutput.RIGHT SPEED SENSOR.DisplayGroup,"NIDAQFreqOutput"
NIDAQFreqOutput.RIGHT SPEED SENSOR.Format,"0"
NIDAQFreqOutput.RIGHT SPEED SENSOR.Unit,""
NIDAQFreqOutput.RIGHT SPEED SENSOR.Device,"2"
NIDAQFreqOutput.RIGHT SPEED SENSOR.Channel,"1"
NIDAQFreqOutput.RIGHT SPEED SENSOR.EdgeMode,"0"
NIDAQFreqOutput.RIGHT SPEED SENSOR.GateMode,"0"
NIDAQFreqOutput.RIGHT SPEED SENSOR.OutputType,"0"
NIDAQFreqOutput.RIGHT SPEED SENSOR.OutputPolarity,"0"
NIDAQFreqOutput.RIGHT SPEED SENSOR.DutyCycle,"0.5"
NIDAQFreqOutput.RIGHT SPEED SENSOR.Offset,"0"
NIDAQFreqOutput.RIGHT SPEED SENSOR.Scaling,"1"
NIDAQFreqOutput.RIGHT SPEED SENSOR.Value,"0"
NIDAQSCXIDigitalOutput.RIGHT SPEED SENSOR DIR.Tag,"RIGHT SPEED SENSOR DIR"
NIDAQSCXIDigitalOutput.RIGHT SPEED SENSOR DIR.Description,"BLK(B-7) IO(409)"
NIDAQSCXIDigitalOutput.RIGHT SPEED SENSOR DIR.Detail,"CAB(X001-B7C)  WIRE(H110)"
NIDAQSCXIDigitalOutput.RIGHT SPEED SENSOR DIR.Drawing,""
NIDAQSCXIDigitalOutput.RIGHT SPEED SENSOR DIR.Enabled,"0"
NIDAQSCXIDigitalOutput.RIGHT SPEED SENSOR DIR.DisplayGroup,"NIDAQSCXIDigitalOutput"
NIDAQSCXIDigitalOutput.RIGHT SPEED SENSOR DIR.Format,""
NIDAQSCXIDigitalOutput.RIGHT SPEED SENSOR DIR.Module,"4"
NIDAQSCXIDigitalOutput.RIGHT SPEED SENSOR DIR.Port,"0"
NIDAQSCXIDigitalOutput.RIGHT SPEED SENSOR DIR.Channel,"9"
NIDAQSCXIDigitalOutput.RIGHT SPEED SENSOR DIR.Mask,"0"
NIDAQSCXIDigitalOutput.RIGHT SPEED SENSOR DIR.ChassisID,"1"
NIDAQSCXIDigitalOutput.RIGHT SPEED SENSOR DIR.Value,"0"
NIDAQSCXIAnalogInput.RIGHT REVERSE PUMP.Tag,"RIGHT REVERSE PUMP"
NIDAQSCXIAnalogInput.RIGHT REVERSE PUMP.Description,"BLK(A-68) IO(601)"
NIDAQSCXIAnalogInput.RIGHT REVERSE PUMP.Detail,"CAB(X001-B4A)  WIRE(C250)"
NIDAQSCXIAnalogInput.RIGHT REVERSE PUMP.Drawing,""
NIDAQSCXIAnalogInput.RIGHT REVERSE PUMP.Enabled,"0"
NIDAQSCXIAnalogInput.RIGHT REVERSE PUMP.DisplayGroup,"NIDAQSCXIAnalogInput"
NIDAQSCXIAnalogInput.RIGHT REVERSE PUMP.Format,"0"
NIDAQSCXIAnalogInput.RIGHT REVERSE PUMP.Unit,""
NIDAQSCXIAnalogInput.RIGHT REVERSE PUMP.Device,"1"
NIDAQSCXIAnalogInput.RIGHT REVERSE PUMP.Module,"6"
NIDAQSCXIAnalogInput.RIGHT REVERSE PUMP.Channel,"1"
NIDAQSCXIAnalogInput.RIGHT REVERSE PUMP.Gain,"1"
NIDAQSCXIAnalogInput.RIGHT REVERSE PUMP.Samples,"1"
NIDAQSCXIAnalogInput.RIGHT REVERSE PUMP.RWV1,"0"
NIDAQSCXIAnalogInput.RIGHT REVERSE PUMP.RWV2,"1"
NIDAQSCXIAnalogInput.RIGHT REVERSE PUMP.Offset,"0"
NIDAQSCXIAnalogInput.RIGHT REVERSE PUMP.Scaling,"10"
NIDAQSCXIAnalogInput.RIGHT REVERSE PUMP.CalibrationTag,""
NIDAQSCXIAnalogInput.RIGHT REVERSE PUMP.ChassisID,"1"
NIDAQSCXIAnalogInput.RIGHT REVERSE PUMP.Value,"0.0244140625"
NIDAQSCXIAnalogInput.RIGHT REVERSE PUMP.RawValue,"0.00244140625"
NIDAQSCXIAnalogInput.RIGHT REVERSE PUMP.InputMode,"1"
NIDAQSCXIAnalogInput.RIGHT REVERSE PUMP.InputRange,"10"
NIDAQSCXIAnalogInput.RIGHT REVERSE PUMP.Polarity,"0"
NIDAQSCXIAnalogInput.RIGHT MOTOTR SOLENOID.Tag,"RIGHT MOTOTR SOLENOID"
NIDAQSCXIAnalogInput.RIGHT MOTOTR SOLENOID.Description,"BLK(A-86) IO(607)"
NIDAQSCXIAnalogInput.RIGHT MOTOTR SOLENOID.Detail,"CAB(X001-B5A)  WIRE(H060)"
NIDAQSCXIAnalogInput.RIGHT MOTOTR SOLENOID.Drawing,""
NIDAQSCXIAnalogInput.RIGHT MOTOTR SOLENOID.Enabled,"0"
NIDAQSCXIAnalogInput.RIGHT MOTOTR SOLENOID.DisplayGroup,"NIDAQSCXIAnalogInput"
NIDAQSCXIAnalogInput.RIGHT MOTOTR SOLENOID.Format,"0"
NIDAQSCXIAnalogInput.RIGHT MOTOTR SOLENOID.Unit,""
NIDAQSCXIAnalogInput.RIGHT MOTOTR SOLENOID.Device,"1"
NIDAQSCXIAnalogInput.RIGHT MOTOTR SOLENOID.Module,"6"
NIDAQSCXIAnalogInput.RIGHT MOTOTR SOLENOID.Channel,"7"
NIDAQSCXIAnalogInput.RIGHT MOTOTR SOLENOID.Gain,"1"
NIDAQSCXIAnalogInput.RIGHT MOTOTR SOLENOID.Samples,"1"
NIDAQSCXIAnalogInput.RIGHT MOTOTR SOLENOID.RWV1,"0"
NIDAQSCXIAnalogInput.RIGHT MOTOTR SOLENOID.RWV2,"1"
NIDAQSCXIAnalogInput.RIGHT MOTOTR SOLENOID.Offset,"0"
NIDAQSCXIAnalogInput.RIGHT MOTOTR SOLENOID.Scaling,"10"
NIDAQSCXIAnalogInput.RIGHT MOTOTR SOLENOID.CalibrationTag,""
NIDAQSCXIAnalogInput.RIGHT MOTOTR SOLENOID.ChassisID,"1"
NIDAQSCXIAnalogInput.RIGHT MOTOTR SOLENOID.Value,"0.0244140625"
NIDAQSCXIAnalogInput.RIGHT MOTOTR SOLENOID.RawValue,"0.00244140625"
NIDAQSCXIAnalogInput.RIGHT MOTOTR SOLENOID.InputMode,"1"
NIDAQSCXIAnalogInput.RIGHT MOTOTR SOLENOID.InputRange,"10"
NIDAQSCXIAnalogInput.RIGHT MOTOTR SOLENOID.Polarity,"0"
NIDAQSCXIAnalogInput.LEFT FORWARD PUMP.Tag,"LEFT FORWARD PUMP"
NIDAQSCXIAnalogInput.LEFT FORWARD PUMP.Description,"BLK(A-74) IO(603)"
NIDAQSCXIAnalogInput.LEFT FORWARD PUMP.Detail,"CAB(X001-B5D)  WIRE(C050)"
NIDAQSCXIAnalogInput.LEFT FORWARD PUMP.Drawing,""
NIDAQSCXIAnalogInput.LEFT FORWARD PUMP.Enabled,"0"
NIDAQSCXIAnalogInput.LEFT FORWARD PUMP.DisplayGroup,"NIDAQSCXIAnalogInput"
NIDAQSCXIAnalogInput.LEFT FORWARD PUMP.Format,"0"
NIDAQSCXIAnalogInput.LEFT FORWARD PUMP.Unit,""
NIDAQSCXIAnalogInput.LEFT FORWARD PUMP.Device,"1"
NIDAQSCXIAnalogInput.LEFT FORWARD PUMP.Module,"6"
NIDAQSCXIAnalogInput.LEFT FORWARD PUMP.Channel,"3"
NIDAQSCXIAnalogInput.LEFT FORWARD PUMP.Gain,"1"
NIDAQSCXIAnalogInput.LEFT FORWARD PUMP.Samples,"1"
NIDAQSCXIAnalogInput.LEFT FORWARD PUMP.RWV1,"0"
NIDAQSCXIAnalogInput.LEFT FORWARD PUMP.RWV2,"1"
NIDAQSCXIAnalogInput.LEFT FORWARD PUMP.Offset,"0"
NIDAQSCXIAnalogInput.LEFT FORWARD PUMP.Scaling,"10"
NIDAQSCXIAnalogInput.LEFT FORWARD PUMP.CalibrationTag,""
NIDAQSCXIAnalogInput.LEFT FORWARD PUMP.ChassisID,"1"
NIDAQSCXIAnalogInput.LEFT FORWARD PUMP.Value,"0.0244140625"
NIDAQSCXIAnalogInput.LEFT FORWARD PUMP.RawValue,"0.00244140625"
NIDAQSCXIAnalogInput.LEFT FORWARD PUMP.InputMode,"1"
NIDAQSCXIAnalogInput.LEFT FORWARD PUMP.InputRange,"10"
NIDAQSCXIAnalogInput.LEFT FORWARD PUMP.Polarity,"0"
NIDAQSCXIAnalogInput.LEFT MOTOR SOLENOID.Tag,"LEFT MOTOR SOLENOID"
NIDAQSCXIAnalogInput.LEFT MOTOR SOLENOID.Description,"BLK(A-83) IO(606)"
NIDAQSCXIAnalogInput.LEFT MOTOR SOLENOID.Detail,"CAB(X001-B7A)  WIRE(H190)"
NIDAQSCXIAnalogInput.LEFT MOTOR SOLENOID.Drawing,""
NIDAQSCXIAnalogInput.LEFT MOTOR SOLENOID.Enabled,"0"
NIDAQSCXIAnalogInput.LEFT MOTOR SOLENOID.DisplayGroup,"NIDAQSCXIAnalogInput"
NIDAQSCXIAnalogInput.LEFT MOTOR SOLENOID.Format,"0"
NIDAQSCXIAnalogInput.LEFT MOTOR SOLENOID.Unit,""
NIDAQSCXIAnalogInput.LEFT MOTOR SOLENOID.Device,"1"
NIDAQSCXIAnalogInput.LEFT MOTOR SOLENOID.Module,"6"
NIDAQSCXIAnalogInput.LEFT MOTOR SOLENOID.Channel,"6"
NIDAQSCXIAnalogInput.LEFT MOTOR SOLENOID.Gain,"1"
NIDAQSCXIAnalogInput.LEFT MOTOR SOLENOID.Samples,"1"
NIDAQSCXIAnalogInput.LEFT MOTOR SOLENOID.RWV1,"0"
NIDAQSCXIAnalogInput.LEFT MOTOR SOLENOID.RWV2,"1"
NIDAQSCXIAnalogInput.LEFT MOTOR SOLENOID.Offset,"0"
NIDAQSCXIAnalogInput.LEFT MOTOR SOLENOID.Scaling,"10"
NIDAQSCXIAnalogInput.LEFT MOTOR SOLENOID.CalibrationTag,""
NIDAQSCXIAnalogInput.LEFT MOTOR SOLENOID.ChassisID,"1"
NIDAQSCXIAnalogInput.LEFT MOTOR SOLENOID.Value,"0.0244140625"
NIDAQSCXIAnalogInput.LEFT MOTOR SOLENOID.RawValue,"0.00244140625"
NIDAQSCXIAnalogInput.LEFT MOTOR SOLENOID.InputMode,"1"
NIDAQSCXIAnalogInput.LEFT MOTOR SOLENOID.InputRange,"10"
NIDAQSCXIAnalogInput.LEFT MOTOR SOLENOID.Polarity,"0"
NIDAQSCXIDigitalInput.SPEED SENSOR POWER.Tag,"SPEED SENSOR POWER"
NIDAQSCXIDigitalInput.SPEED SENSOR POWER.Description,"BLK(A-24) IO(123)"
NIDAQSCXIDigitalInput.SPEED SENSOR POWER.Detail,"CAB(X001-B8D)  WIRE(S096)"
NIDAQSCXIDigitalInput.SPEED SENSOR POWER.Drawing,""
NIDAQSCXIDigitalInput.SPEED SENSOR POWER.Enabled,"0"
NIDAQSCXIDigitalInput.SPEED SENSOR POWER.DisplayGroup,"NIDAQSCXIDigitalInput"
NIDAQSCXIDigitalInput.SPEED SENSOR POWER.Format,""
NIDAQSCXIDigitalInput.SPEED SENSOR POWER.Module,"1"
NIDAQSCXIDigitalInput.SPEED SENSOR POWER.Port,"0"
NIDAQSCXIDigitalInput.SPEED SENSOR POWER.Channel,"23"
NIDAQSCXIDigitalInput.SPEED SENSOR POWER.Mask,"1"
NIDAQSCXIDigitalInput.SPEED SENSOR POWER.ChassisID,"1"
NIDAQSCXIDigitalInput.SPEED SENSOR POWER.Value,"1"
NIDAQSCXIDigitalInput.AIR SUSPENSION SEAT PWR 1.Tag,"AIR SUSPENSION SEAT PWR 1"
NIDAQSCXIDigitalInput.AIR SUSPENSION SEAT PWR 1.Description,"BLK(A-23) IO(122)"
NIDAQSCXIDigitalInput.AIR SUSPENSION SEAT PWR 1.Detail,"CAB(X023-1)  WIRE(S006)"
NIDAQSCXIDigitalInput.AIR SUSPENSION SEAT PWR 1.Drawing,""
NIDAQSCXIDigitalInput.AIR SUSPENSION SEAT PWR 1.Enabled,"0"
NIDAQSCXIDigitalInput.AIR SUSPENSION SEAT PWR 1.DisplayGroup,"NIDAQSCXIDigitalInput"
NIDAQSCXIDigitalInput.AIR SUSPENSION SEAT PWR 1.Format,""
NIDAQSCXIDigitalInput.AIR SUSPENSION SEAT PWR 1.Module,"1"
NIDAQSCXIDigitalInput.AIR SUSPENSION SEAT PWR 1.Port,"0"
NIDAQSCXIDigitalInput.AIR SUSPENSION SEAT PWR 1.Channel,"22"
NIDAQSCXIDigitalInput.AIR SUSPENSION SEAT PWR 1.Mask,"1"
NIDAQSCXIDigitalInput.AIR SUSPENSION SEAT PWR 1.ChassisID,"1"
NIDAQSCXIDigitalInput.AIR SUSPENSION SEAT PWR 1.Value,"1"
NIDAQSCXIDigitalInput.AIR SUSPENSION SEAT PWR 2.Tag,"AIR SUSPENSION SEAT PWR 2"
NIDAQSCXIDigitalInput.AIR SUSPENSION SEAT PWR 2.Description,"BLK(A-25) IO(124)"
NIDAQSCXIDigitalInput.AIR SUSPENSION SEAT PWR 2.Detail,"CAB(X023-2)  WIRE(S007)"
NIDAQSCXIDigitalInput.AIR SUSPENSION SEAT PWR 2.Drawing,""
NIDAQSCXIDigitalInput.AIR SUSPENSION SEAT PWR 2.Enabled,"0"
NIDAQSCXIDigitalInput.AIR SUSPENSION SEAT PWR 2.DisplayGroup,"NIDAQSCXIDigitalInput"
NIDAQSCXIDigitalInput.AIR SUSPENSION SEAT PWR 2.Format,""
NIDAQSCXIDigitalInput.AIR SUSPENSION SEAT PWR 2.Module,"1"
NIDAQSCXIDigitalInput.AIR SUSPENSION SEAT PWR 2.Port,"0"
NIDAQSCXIDigitalInput.AIR SUSPENSION SEAT PWR 2.Channel,"24"
NIDAQSCXIDigitalInput.AIR SUSPENSION SEAT PWR 2.Mask,"1"
NIDAQSCXIDigitalInput.AIR SUSPENSION SEAT PWR 2.ChassisID,"1"
NIDAQSCXIDigitalInput.AIR SUSPENSION SEAT PWR 2.Value,"1"
NIDAQSCXIDigitalInput.AIR SUSPENSION SEAT GND 1.Tag,"AIR SUSPENSION SEAT GND 1"
NIDAQSCXIDigitalInput.AIR SUSPENSION SEAT GND 1.Description,"BLK(A-60) IO(227)"
NIDAQSCXIDigitalInput.AIR SUSPENSION SEAT GND 1.Detail,"CAB(X023-3)  WIRE(G098)"
NIDAQSCXIDigitalInput.AIR SUSPENSION SEAT GND 1.Drawing,""
NIDAQSCXIDigitalInput.AIR SUSPENSION SEAT GND 1.Enabled,"0"
NIDAQSCXIDigitalInput.AIR SUSPENSION SEAT GND 1.DisplayGroup,"NIDAQSCXIDigitalInput"
NIDAQSCXIDigitalInput.AIR SUSPENSION SEAT GND 1.Format,""
NIDAQSCXIDigitalInput.AIR SUSPENSION SEAT GND 1.Module,"2"
NIDAQSCXIDigitalInput.AIR SUSPENSION SEAT GND 1.Port,"0"
NIDAQSCXIDigitalInput.AIR SUSPENSION SEAT GND 1.Channel,"27"
NIDAQSCXIDigitalInput.AIR SUSPENSION SEAT GND 1.Mask,"1"
NIDAQSCXIDigitalInput.AIR SUSPENSION SEAT GND 1.ChassisID,"1"
NIDAQSCXIDigitalInput.AIR SUSPENSION SEAT GND 1.Value,"1"
NIDAQSCXIDigitalInput.AIR SUSPENSION SEAT GND 2.Tag,"AIR SUSPENSION SEAT GND 2"
NIDAQSCXIDigitalInput.AIR SUSPENSION SEAT GND 2.Description,"BLK(A-49) IO(216)"
NIDAQSCXIDigitalInput.AIR SUSPENSION SEAT GND 2.Detail,"CAB(X023-4)  WIRE(G099)"
NIDAQSCXIDigitalInput.AIR SUSPENSION SEAT GND 2.Drawing,""
NIDAQSCXIDigitalInput.AIR SUSPENSION SEAT GND 2.Enabled,"0"
NIDAQSCXIDigitalInput.AIR SUSPENSION SEAT GND 2.DisplayGroup,"NIDAQSCXIDigitalInput"
NIDAQSCXIDigitalInput.AIR SUSPENSION SEAT GND 2.Format,""
NIDAQSCXIDigitalInput.AIR SUSPENSION SEAT GND 2.Module,"2"
NIDAQSCXIDigitalInput.AIR SUSPENSION SEAT GND 2.Port,"0"
NIDAQSCXIDigitalInput.AIR SUSPENSION SEAT GND 2.Channel,"16"
NIDAQSCXIDigitalInput.AIR SUSPENSION SEAT GND 2.Mask,"1"
NIDAQSCXIDigitalInput.AIR SUSPENSION SEAT GND 2.ChassisID,"1"
NIDAQSCXIDigitalInput.AIR SUSPENSION SEAT GND 2.Value,"1"
NIDAQSCXIDigitalOutput.SEAT SWITCH IN.Tag,"SEAT SWITCH IN"
NIDAQSCXIDigitalOutput.SEAT SWITCH IN.Description,"Toggle All OK"
NIDAQSCXIDigitalOutput.SEAT SWITCH IN.Detail,"BLK(B-1) IO(515)"
NIDAQSCXIDigitalOutput.SEAT SWITCH IN.Drawing,"CAB(X023-5)  WIRE(A030)"
NIDAQSCXIDigitalOutput.SEAT SWITCH IN.Enabled,"0"
NIDAQSCXIDigitalOutput.SEAT SWITCH IN.DisplayGroup,"NIDAQSCXIDigitalOutput"
NIDAQSCXIDigitalOutput.SEAT SWITCH IN.Format,""
NIDAQSCXIDigitalOutput.SEAT SWITCH IN.Module,"5"
NIDAQSCXIDigitalOutput.SEAT SWITCH IN.Port,"0"
NIDAQSCXIDigitalOutput.SEAT SWITCH IN.Channel,"15"
NIDAQSCXIDigitalOutput.SEAT SWITCH IN.Mask,"0"
NIDAQSCXIDigitalOutput.SEAT SWITCH IN.ChassisID,"1"
NIDAQSCXIDigitalOutput.SEAT SWITCH IN.Value,"0"
NIDAQSCXIDigitalInput.SEAT SWITCH OUT.Tag,"SEAT SWITCH OUT"
NIDAQSCXIDigitalInput.SEAT SWITCH OUT.Description,"BLK(A-49) IO(125)"
NIDAQSCXIDigitalInput.SEAT SWITCH OUT.Detail,"CAB(X023-6)  WIRE(K120)"
NIDAQSCXIDigitalInput.SEAT SWITCH OUT.Drawing,""
NIDAQSCXIDigitalInput.SEAT SWITCH OUT.Enabled,"0"
NIDAQSCXIDigitalInput.SEAT SWITCH OUT.DisplayGroup,"NIDAQSCXIDigitalInput"
NIDAQSCXIDigitalInput.SEAT SWITCH OUT.Format,""
NIDAQSCXIDigitalInput.SEAT SWITCH OUT.Module,"1"
NIDAQSCXIDigitalInput.SEAT SWITCH OUT.Port,"0"
NIDAQSCXIDigitalInput.SEAT SWITCH OUT.Channel,"25"
NIDAQSCXIDigitalInput.SEAT SWITCH OUT.Mask,"1"
NIDAQSCXIDigitalInput.SEAT SWITCH OUT.ChassisID,"1"
NIDAQSCXIDigitalInput.SEAT SWITCH OUT.Value,"0"
NIDAQSCXIDigitalInput.ROPS HEATER SW POWER.Tag,"ROPS HEATER SW POWER"
NIDAQSCXIDigitalInput.ROPS HEATER SW POWER.Description,"BLK(A-49) IO(121)"
NIDAQSCXIDigitalInput.ROPS HEATER SW POWER.Detail,"CAB(X025-A)  WIRE(S004)"
NIDAQSCXIDigitalInput.ROPS HEATER SW POWER.Drawing,""
NIDAQSCXIDigitalInput.ROPS HEATER SW POWER.Enabled,"0"
NIDAQSCXIDigitalInput.ROPS HEATER SW POWER.DisplayGroup,"NIDAQSCXIDigitalInput"
NIDAQSCXIDigitalInput.ROPS HEATER SW POWER.Format,""
NIDAQSCXIDigitalInput.ROPS HEATER SW POWER.Module,"1"
NIDAQSCXIDigitalInput.ROPS HEATER SW POWER.Port,"0"
NIDAQSCXIDigitalInput.ROPS HEATER SW POWER.Channel,"21"
NIDAQSCXIDigitalInput.ROPS HEATER SW POWER.Mask,"1"
NIDAQSCXIDigitalInput.ROPS HEATER SW POWER.ChassisID,"1"
NIDAQSCXIDigitalInput.ROPS HEATER SW POWER.Value,"1"
NIDAQSCXIDigitalInput.ROPS HEATER GROUND.Tag,"ROPS HEATER GROUND"
NIDAQSCXIDigitalInput.ROPS HEATER GROUND.Description,"BLK(A-49) IO(226)"
NIDAQSCXIDigitalInput.ROPS HEATER GROUND.Detail,"CAB(X025-B)  WIRE(G044)"
NIDAQSCXIDigitalInput.ROPS HEATER GROUND.Drawing,""
NIDAQSCXIDigitalInput.ROPS HEATER GROUND.Enabled,"0"
NIDAQSCXIDigitalInput.ROPS HEATER GROUND.DisplayGroup,"NIDAQSCXIDigitalInput"
NIDAQSCXIDigitalInput.ROPS HEATER GROUND.Format,""
NIDAQSCXIDigitalInput.ROPS HEATER GROUND.Module,"2"
NIDAQSCXIDigitalInput.ROPS HEATER GROUND.Port,"0"
NIDAQSCXIDigitalInput.ROPS HEATER GROUND.Channel,"26"
NIDAQSCXIDigitalInput.ROPS HEATER GROUND.Mask,"1"
NIDAQSCXIDigitalInput.ROPS HEATER GROUND.ChassisID,"1"
NIDAQSCXIDigitalInput.ROPS HEATER GROUND.Value,"1"
NIDAQSCXIDigitalInput.DIAGNOSTIC GROUND.Tag,"DIAGNOSTIC GROUND"
NIDAQSCXIDigitalInput.DIAGNOSTIC GROUND.Description,"BLK(A-108) IO(319)"
NIDAQSCXIDigitalInput.DIAGNOSTIC GROUND.Detail,"CAB(X026-A)  WIRE(G050)"
NIDAQSCXIDigitalInput.DIAGNOSTIC GROUND.Drawing,""
NIDAQSCXIDigitalInput.DIAGNOSTIC GROUND.Enabled,"0"
NIDAQSCXIDigitalInput.DIAGNOSTIC GROUND.DisplayGroup,"NIDAQSCXIDigitalInput"
NIDAQSCXIDigitalInput.DIAGNOSTIC GROUND.Format,""
NIDAQSCXIDigitalInput.DIAGNOSTIC GROUND.Module,"3"
NIDAQSCXIDigitalInput.DIAGNOSTIC GROUND.Port,"0"
NIDAQSCXIDigitalInput.DIAGNOSTIC GROUND.Channel,"19"
NIDAQSCXIDigitalInput.DIAGNOSTIC GROUND.Mask,"1"
NIDAQSCXIDigitalInput.DIAGNOSTIC GROUND.ChassisID,"1"
NIDAQSCXIDigitalInput.DIAGNOSTIC GROUND.Value,"1"
NIDAQSCXIDigitalInput.DIAGNOSTIC POWER UNSW.Tag,"DIAGNOSTIC POWER UNSW"
NIDAQSCXIDigitalInput.DIAGNOSTIC POWER UNSW.Description,"BLK(A-2) IO(101)"
NIDAQSCXIDigitalInput.DIAGNOSTIC POWER UNSW.Detail,"CAB(X026-B)  WIRE(P019)"
NIDAQSCXIDigitalInput.DIAGNOSTIC POWER UNSW.Drawing,""
NIDAQSCXIDigitalInput.DIAGNOSTIC POWER UNSW.Enabled,"0"
NIDAQSCXIDigitalInput.DIAGNOSTIC POWER UNSW.DisplayGroup,"NIDAQSCXIDigitalInput"
NIDAQSCXIDigitalInput.DIAGNOSTIC POWER UNSW.Format,""
NIDAQSCXIDigitalInput.DIAGNOSTIC POWER UNSW.Module,"1"
NIDAQSCXIDigitalInput.DIAGNOSTIC POWER UNSW.Port,"0"
NIDAQSCXIDigitalInput.DIAGNOSTIC POWER UNSW.Channel,"1"
NIDAQSCXIDigitalInput.DIAGNOSTIC POWER UNSW.Mask,"1"
NIDAQSCXIDigitalInput.DIAGNOSTIC POWER UNSW.ChassisID,"1"
NIDAQSCXIDigitalInput.DIAGNOSTIC POWER UNSW.Value,"1"
NIDAQSCXIDigitalOutput.DIAGNOSTIC CAN 1.Tag,"DIAGNOSTIC CAN 1"
NIDAQSCXIDigitalOutput.DIAGNOSTIC CAN 1.Description,"BLK(B-100) IO(529)"
NIDAQSCXIDigitalOutput.DIAGNOSTIC CAN 1.Detail,"CAB(X026-C)  WIRE(E354)"
NIDAQSCXIDigitalOutput.DIAGNOSTIC CAN 1.Drawing,""
NIDAQSCXIDigitalOutput.DIAGNOSTIC CAN 1.Enabled,"0"
NIDAQSCXIDigitalOutput.DIAGNOSTIC CAN 1.DisplayGroup,"NIDAQSCXIDigitalOutput"
NIDAQSCXIDigitalOutput.DIAGNOSTIC CAN 1.Format,""
NIDAQSCXIDigitalOutput.DIAGNOSTIC CAN 1.Module,"5"
NIDAQSCXIDigitalOutput.DIAGNOSTIC CAN 1.Port,"0"
NIDAQSCXIDigitalOutput.DIAGNOSTIC CAN 1.Channel,"29"
NIDAQSCXIDigitalOutput.DIAGNOSTIC CAN 1.Mask,"0"
NIDAQSCXIDigitalOutput.DIAGNOSTIC CAN 1.ChassisID,"1"
NIDAQSCXIDigitalOutput.DIAGNOSTIC CAN 1.Value,"0"
NIDAQSCXIDigitalOutput.DIAGNOSTIC K LINE.Tag,"DIAGNOSTIC K LINE"
NIDAQSCXIDigitalOutput.DIAGNOSTIC K LINE.Description,"BLK(B-2) IO(404)"
NIDAQSCXIDigitalOutput.DIAGNOSTIC K LINE.Detail,"CAB(X026-E)  WIRE(E893)"
NIDAQSCXIDigitalOutput.DIAGNOSTIC K LINE.Drawing,""
NIDAQSCXIDigitalOutput.DIAGNOSTIC K LINE.Enabled,"0"
NIDAQSCXIDigitalOutput.DIAGNOSTIC K LINE.DisplayGroup,"NIDAQSCXIDigitalOutput"
NIDAQSCXIDigitalOutput.DIAGNOSTIC K LINE.Format,""
NIDAQSCXIDigitalOutput.DIAGNOSTIC K LINE.Module,"4"
NIDAQSCXIDigitalOutput.DIAGNOSTIC K LINE.Port,"0"
NIDAQSCXIDigitalOutput.DIAGNOSTIC K LINE.Channel,"4"
NIDAQSCXIDigitalOutput.DIAGNOSTIC K LINE.Mask,"0"
NIDAQSCXIDigitalOutput.DIAGNOSTIC K LINE.ChassisID,"1"
NIDAQSCXIDigitalOutput.DIAGNOSTIC K LINE.Value,"0"
NIDAQSCXIDigitalOutput.DIAGNOSTIC K CAN 2.Tag,"DIAGNOSTIC K CAN 2"
NIDAQSCXIDigitalOutput.DIAGNOSTIC K CAN 2.Description,"BLK(B-103) IO(530)"
NIDAQSCXIDigitalOutput.DIAGNOSTIC K CAN 2.Detail,"CAB(X026-H)  WIRE(D181)"
NIDAQSCXIDigitalOutput.DIAGNOSTIC K CAN 2.Drawing,""
NIDAQSCXIDigitalOutput.DIAGNOSTIC K CAN 2.Enabled,"0"
NIDAQSCXIDigitalOutput.DIAGNOSTIC K CAN 2.DisplayGroup,"NIDAQSCXIDigitalOutput"
NIDAQSCXIDigitalOutput.DIAGNOSTIC K CAN 2.Format,""
NIDAQSCXIDigitalOutput.DIAGNOSTIC K CAN 2.Module,"5"
NIDAQSCXIDigitalOutput.DIAGNOSTIC K CAN 2.Port,"0"
NIDAQSCXIDigitalOutput.DIAGNOSTIC K CAN 2.Channel,"30"
NIDAQSCXIDigitalOutput.DIAGNOSTIC K CAN 2.Mask,"0"
NIDAQSCXIDigitalOutput.DIAGNOSTIC K CAN 2.ChassisID,"1"
NIDAQSCXIDigitalOutput.DIAGNOSTIC K CAN 2.Value,"0"
NIDAQSCXIDigitalInput.CIGAR LIGHTER GROUND.Tag,"CIGAR LIGHTER GROUND"
NIDAQSCXIDigitalInput.CIGAR LIGHTER GROUND.Description,"BLK(A-50) IO(217)"
NIDAQSCXIDigitalInput.CIGAR LIGHTER GROUND.Detail,"CAB(X030-A)  WIRE(G041)"
NIDAQSCXIDigitalInput.CIGAR LIGHTER GROUND.Drawing,""
NIDAQSCXIDigitalInput.CIGAR LIGHTER GROUND.Enabled,"0"
NIDAQSCXIDigitalInput.CIGAR LIGHTER GROUND.DisplayGroup,"NIDAQSCXIDigitalInput"
NIDAQSCXIDigitalInput.CIGAR LIGHTER GROUND.Format,""
NIDAQSCXIDigitalInput.CIGAR LIGHTER GROUND.Module,"2"
NIDAQSCXIDigitalInput.CIGAR LIGHTER GROUND.Port,"0"
NIDAQSCXIDigitalInput.CIGAR LIGHTER GROUND.Channel,"17"
NIDAQSCXIDigitalInput.CIGAR LIGHTER GROUND.Mask,"1"
NIDAQSCXIDigitalInput.CIGAR LIGHTER GROUND.ChassisID,"1"
NIDAQSCXIDigitalInput.CIGAR LIGHTER GROUND.Value,"1"
NIDAQSCXIAnalogInput.CIGAR LIGHTER 12VDC.Tag,"CIGAR LIGHTER 12VDC"
NIDAQSCXIAnalogInput.CIGAR LIGHTER 12VDC.Description,"BLK(A-89) IO(608)"
NIDAQSCXIAnalogInput.CIGAR LIGHTER 12VDC.Detail,"CAB(X030-B)  WIRE(5042)"
NIDAQSCXIAnalogInput.CIGAR LIGHTER 12VDC.Drawing,""
NIDAQSCXIAnalogInput.CIGAR LIGHTER 12VDC.Enabled,"0"
NIDAQSCXIAnalogInput.CIGAR LIGHTER 12VDC.DisplayGroup,"NIDAQSCXIAnalogInput"
NIDAQSCXIAnalogInput.CIGAR LIGHTER 12VDC.Format,"0"
NIDAQSCXIAnalogInput.CIGAR LIGHTER 12VDC.Unit,""
NIDAQSCXIAnalogInput.CIGAR LIGHTER 12VDC.Device,"1"
NIDAQSCXIAnalogInput.CIGAR LIGHTER 12VDC.Module,"6"
NIDAQSCXIAnalogInput.CIGAR LIGHTER 12VDC.Channel,"8"
NIDAQSCXIAnalogInput.CIGAR LIGHTER 12VDC.Gain,"1"
NIDAQSCXIAnalogInput.CIGAR LIGHTER 12VDC.Samples,"1"
NIDAQSCXIAnalogInput.CIGAR LIGHTER 12VDC.RWV1,"0"
NIDAQSCXIAnalogInput.CIGAR LIGHTER 12VDC.RWV2,"1"
NIDAQSCXIAnalogInput.CIGAR LIGHTER 12VDC.Offset,"0"
NIDAQSCXIAnalogInput.CIGAR LIGHTER 12VDC.Scaling,"10"
NIDAQSCXIAnalogInput.CIGAR LIGHTER 12VDC.CalibrationTag,""
NIDAQSCXIAnalogInput.CIGAR LIGHTER 12VDC.ChassisID,"1"
NIDAQSCXIAnalogInput.CIGAR LIGHTER 12VDC.Value,"13.5986328125"
NIDAQSCXIAnalogInput.CIGAR LIGHTER 12VDC.RawValue,"1.35986328125"
NIDAQSCXIAnalogInput.CIGAR LIGHTER 12VDC.InputMode,"1"
NIDAQSCXIAnalogInput.CIGAR LIGHTER 12VDC.InputRange,"10"
NIDAQSCXIAnalogInput.CIGAR LIGHTER 12VDC.Polarity,"0"
NIDAQSCXIDigitalInput.FUEL LEVEL SENSOR GROUND.Tag,"FUEL LEVEL SENSOR GROUND"
NIDAQSCXIDigitalInput.FUEL LEVEL SENSOR GROUND.Description,"BLK(A-58) IO(225)"
NIDAQSCXIDigitalInput.FUEL LEVEL SENSOR GROUND.Detail,"CAB(X037-A)  WIRE(G097)"
NIDAQSCXIDigitalInput.FUEL LEVEL SENSOR GROUND.Drawing,""
NIDAQSCXIDigitalInput.FUEL LEVEL SENSOR GROUND.Enabled,"0"
NIDAQSCXIDigitalInput.FUEL LEVEL SENSOR GROUND.DisplayGroup,"NIDAQSCXIDigitalInput"
NIDAQSCXIDigitalInput.FUEL LEVEL SENSOR GROUND.Format,""
NIDAQSCXIDigitalInput.FUEL LEVEL SENSOR GROUND.Module,"2"
NIDAQSCXIDigitalInput.FUEL LEVEL SENSOR GROUND.Port,"0"
NIDAQSCXIDigitalInput.FUEL LEVEL SENSOR GROUND.Channel,"25"
NIDAQSCXIDigitalInput.FUEL LEVEL SENSOR GROUND.Mask,"1"
NIDAQSCXIDigitalInput.FUEL LEVEL SENSOR GROUND.ChassisID,"1"
NIDAQSCXIDigitalInput.FUEL LEVEL SENSOR GROUND.Value,"1"
NIDAQSCXIDigitalOutput.FUEL LEVEL SENSOR.Tag,"FUEL LEVEL SENSOR"
NIDAQSCXIDigitalOutput.FUEL LEVEL SENSOR.Description,"BLK(B-38) IO(516)"
NIDAQSCXIDigitalOutput.FUEL LEVEL SENSOR.Detail,"69504 or 135040"
NIDAQSCXIDigitalOutput.FUEL LEVEL SENSOR.Drawing,"CAB(X037-B)  WIRE(1021)"
NIDAQSCXIDigitalOutput.FUEL LEVEL SENSOR.Enabled,"0"
NIDAQSCXIDigitalOutput.FUEL LEVEL SENSOR.DisplayGroup,"NIDAQSCXIDigitalOutput"
NIDAQSCXIDigitalOutput.FUEL LEVEL SENSOR.Format,""
NIDAQSCXIDigitalOutput.FUEL LEVEL SENSOR.Module,"5"
NIDAQSCXIDigitalOutput.FUEL LEVEL SENSOR.Port,"0"
NIDAQSCXIDigitalOutput.FUEL LEVEL SENSOR.Channel,"16"
NIDAQSCXIDigitalOutput.FUEL LEVEL SENSOR.Mask,"0"
NIDAQSCXIDigitalOutput.FUEL LEVEL SENSOR.ChassisID,"1"
NIDAQSCXIDigitalOutput.FUEL LEVEL SENSOR.Value,"0"
NIDAQSCXIDigitalInput.LEFT REAR LIGHTS POWER.Tag,"LEFT REAR LIGHTS POWER"
NIDAQSCXIDigitalInput.LEFT REAR LIGHTS POWER.Description,"BLK(A-5) IO(104)"
NIDAQSCXIDigitalInput.LEFT REAR LIGHTS POWER.Detail,"CAB(X066-1)  WIRE(3016)"
NIDAQSCXIDigitalInput.LEFT REAR LIGHTS POWER.Drawing,""
NIDAQSCXIDigitalInput.LEFT REAR LIGHTS POWER.Enabled,"0"
NIDAQSCXIDigitalInput.LEFT REAR LIGHTS POWER.DisplayGroup,"NIDAQSCXIDigitalInput"
NIDAQSCXIDigitalInput.LEFT REAR LIGHTS POWER.Format,""
NIDAQSCXIDigitalInput.LEFT REAR LIGHTS POWER.Module,"1"
NIDAQSCXIDigitalInput.LEFT REAR LIGHTS POWER.Port,"0"
NIDAQSCXIDigitalInput.LEFT REAR LIGHTS POWER.Channel,"4"
NIDAQSCXIDigitalInput.LEFT REAR LIGHTS POWER.Mask,"1"
NIDAQSCXIDigitalInput.LEFT REAR LIGHTS POWER.ChassisID,"1"
NIDAQSCXIDigitalInput.LEFT REAR LIGHTS POWER.Value,"0"
NIDAQSCXIDigitalInput.LEFT REAR LIGHTS GROUND.Tag,"LEFT REAR LIGHTS GROUND"
NIDAQSCXIDigitalInput.LEFT REAR LIGHTS GROUND.Description,"BLK(A-52) IO(219)"
NIDAQSCXIDigitalInput.LEFT REAR LIGHTS GROUND.Detail,"CAB(X066-2)  WIRE(G018)"
NIDAQSCXIDigitalInput.LEFT REAR LIGHTS GROUND.Drawing,""
NIDAQSCXIDigitalInput.LEFT REAR LIGHTS GROUND.Enabled,"0"
NIDAQSCXIDigitalInput.LEFT REAR LIGHTS GROUND.DisplayGroup,"NIDAQSCXIDigitalInput"
NIDAQSCXIDigitalInput.LEFT REAR LIGHTS GROUND.Format,""
NIDAQSCXIDigitalInput.LEFT REAR LIGHTS GROUND.Module,"2"
NIDAQSCXIDigitalInput.LEFT REAR LIGHTS GROUND.Port,"0"
NIDAQSCXIDigitalInput.LEFT REAR LIGHTS GROUND.Channel,"19"
NIDAQSCXIDigitalInput.LEFT REAR LIGHTS GROUND.Mask,"1"
NIDAQSCXIDigitalInput.LEFT REAR LIGHTS GROUND.ChassisID,"1"
NIDAQSCXIDigitalInput.LEFT REAR LIGHTS GROUND.Value,"1"
NIDAQSCXIDigitalInput.RIGHT REAR LIGHTS POWER.Tag,"RIGHT REAR LIGHTS POWER"
NIDAQSCXIDigitalInput.RIGHT REAR LIGHTS POWER.Description,"CAB(X068-1)  WIRE(3015)"
NIDAQSCXIDigitalInput.RIGHT REAR LIGHTS POWER.Detail,""
NIDAQSCXIDigitalInput.RIGHT REAR LIGHTS POWER.Drawing,""
NIDAQSCXIDigitalInput.RIGHT REAR LIGHTS POWER.Enabled,"0"
NIDAQSCXIDigitalInput.RIGHT REAR LIGHTS POWER.DisplayGroup,"NIDAQSCXIDigitalInput"
NIDAQSCXIDigitalInput.RIGHT REAR LIGHTS POWER.Format,""
NIDAQSCXIDigitalInput.RIGHT REAR LIGHTS POWER.Module,"1"
NIDAQSCXIDigitalInput.RIGHT REAR LIGHTS POWER.Port,"0"
NIDAQSCXIDigitalInput.RIGHT REAR LIGHTS POWER.Channel,"5"
NIDAQSCXIDigitalInput.RIGHT REAR LIGHTS POWER.Mask,"1"
NIDAQSCXIDigitalInput.RIGHT REAR LIGHTS POWER.ChassisID,"1"
NIDAQSCXIDigitalInput.RIGHT REAR LIGHTS POWER.Value,"0"
NIDAQSCXIDigitalInput.RIGHT REAR LIGHTS GROUND.Tag,"RIGHT REAR LIGHTS GROUND"
NIDAQSCXIDigitalInput.RIGHT REAR LIGHTS GROUND.Description,"BLK(A-53) IO(220)"
NIDAQSCXIDigitalInput.RIGHT REAR LIGHTS GROUND.Detail,"CAB(X068-2)  WIRE(G017)"
NIDAQSCXIDigitalInput.RIGHT REAR LIGHTS GROUND.Drawing,""
NIDAQSCXIDigitalInput.RIGHT REAR LIGHTS GROUND.Enabled,"0"
NIDAQSCXIDigitalInput.RIGHT REAR LIGHTS GROUND.DisplayGroup,"NIDAQSCXIDigitalInput"
NIDAQSCXIDigitalInput.RIGHT REAR LIGHTS GROUND.Format,""
NIDAQSCXIDigitalInput.RIGHT REAR LIGHTS GROUND.Module,"2"
NIDAQSCXIDigitalInput.RIGHT REAR LIGHTS GROUND.Port,"0"
NIDAQSCXIDigitalInput.RIGHT REAR LIGHTS GROUND.Channel,"20"
NIDAQSCXIDigitalInput.RIGHT REAR LIGHTS GROUND.Mask,"1"
NIDAQSCXIDigitalInput.RIGHT REAR LIGHTS GROUND.ChassisID,"1"
NIDAQSCXIDigitalInput.RIGHT REAR LIGHTS GROUND.Value,"1"
NIDAQSCXIDigitalInput.WIPER RETURN POWER SWITCHED.Tag,"WIPER RETURN POWER SWITCHED"
NIDAQSCXIDigitalInput.WIPER RETURN POWER SWITCHED.Description,"BLK(A-3) IO(102)"
NIDAQSCXIDigitalInput.WIPER RETURN POWER SWITCHED.Detail,"CAB(X069-1)  WIRE(S021)"
NIDAQSCXIDigitalInput.WIPER RETURN POWER SWITCHED.Drawing,""
NIDAQSCXIDigitalInput.WIPER RETURN POWER SWITCHED.Enabled,"0"
NIDAQSCXIDigitalInput.WIPER RETURN POWER SWITCHED.DisplayGroup,"NIDAQSCXIDigitalInput"
NIDAQSCXIDigitalInput.WIPER RETURN POWER SWITCHED.Format,""
NIDAQSCXIDigitalInput.WIPER RETURN POWER SWITCHED.Module,"1"
NIDAQSCXIDigitalInput.WIPER RETURN POWER SWITCHED.Port,"0"
NIDAQSCXIDigitalInput.WIPER RETURN POWER SWITCHED.Channel,"2"
NIDAQSCXIDigitalInput.WIPER RETURN POWER SWITCHED.Mask,"1"
NIDAQSCXIDigitalInput.WIPER RETURN POWER SWITCHED.ChassisID,"1"
NIDAQSCXIDigitalInput.WIPER RETURN POWER SWITCHED.Value,"1"
NIDAQSCXIDigitalInput.WIPER MOTOR POWER.Tag,"WIPER MOTOR POWER"
NIDAQSCXIDigitalInput.WIPER MOTOR POWER.Description,"BLK(A-4) IO(103)"
NIDAQSCXIDigitalInput.WIPER MOTOR POWER.Detail,"CAB(X069-2)  WIRE(6014)"
NIDAQSCXIDigitalInput.WIPER MOTOR POWER.Drawing,""
NIDAQSCXIDigitalInput.WIPER MOTOR POWER.Enabled,"0"
NIDAQSCXIDigitalInput.WIPER MOTOR POWER.DisplayGroup,"NIDAQSCXIDigitalInput"
NIDAQSCXIDigitalInput.WIPER MOTOR POWER.Format,""
NIDAQSCXIDigitalInput.WIPER MOTOR POWER.Module,"1"
NIDAQSCXIDigitalInput.WIPER MOTOR POWER.Port,"0"
NIDAQSCXIDigitalInput.WIPER MOTOR POWER.Channel,"3"
NIDAQSCXIDigitalInput.WIPER MOTOR POWER.Mask,"1"
NIDAQSCXIDigitalInput.WIPER MOTOR POWER.ChassisID,"1"
NIDAQSCXIDigitalInput.WIPER MOTOR POWER.Value,"0"
NIDAQSCXIDigitalOutput.WIPER RETURN SIGNAL.Tag,"WIPER RETURN SIGNAL"
NIDAQSCXIDigitalOutput.WIPER RETURN SIGNAL.Description,"BLK(B-3) IO(405)"
NIDAQSCXIDigitalOutput.WIPER RETURN SIGNAL.Detail,"CAB(X069-3)  WIRE(6012)"
NIDAQSCXIDigitalOutput.WIPER RETURN SIGNAL.Drawing,""
NIDAQSCXIDigitalOutput.WIPER RETURN SIGNAL.Enabled,"0"
NIDAQSCXIDigitalOutput.WIPER RETURN SIGNAL.DisplayGroup,"NIDAQSCXIDigitalOutput"
NIDAQSCXIDigitalOutput.WIPER RETURN SIGNAL.Format,""
NIDAQSCXIDigitalOutput.WIPER RETURN SIGNAL.Module,"4"
NIDAQSCXIDigitalOutput.WIPER RETURN SIGNAL.Port,"0"
NIDAQSCXIDigitalOutput.WIPER RETURN SIGNAL.Channel,"5"
NIDAQSCXIDigitalOutput.WIPER RETURN SIGNAL.Mask,"0"
NIDAQSCXIDigitalOutput.WIPER RETURN SIGNAL.ChassisID,"1"
NIDAQSCXIDigitalOutput.WIPER RETURN SIGNAL.Value,"0"
NIDAQSCXIDigitalInput.WIPER GROUND.Tag,"WIPER GROUND"
NIDAQSCXIDigitalInput.WIPER GROUND.Description,"Side Shift GND"
NIDAQSCXIDigitalInput.WIPER GROUND.Detail,"BLK(A-51) IO(218)"
NIDAQSCXIDigitalInput.WIPER GROUND.Drawing,"CAB(X069-4)  WIRE(G021)"
NIDAQSCXIDigitalInput.WIPER GROUND.Enabled,"0"
NIDAQSCXIDigitalInput.WIPER GROUND.DisplayGroup,"NIDAQSCXIDigitalInput"
NIDAQSCXIDigitalInput.WIPER GROUND.Format,""
NIDAQSCXIDigitalInput.WIPER GROUND.Module,"2"
NIDAQSCXIDigitalInput.WIPER GROUND.Port,"0"
NIDAQSCXIDigitalInput.WIPER GROUND.Channel,"18"
NIDAQSCXIDigitalInput.WIPER GROUND.Mask,"1"
NIDAQSCXIDigitalInput.WIPER GROUND.ChassisID,"1"
NIDAQSCXIDigitalInput.WIPER GROUND.Value,"1"
NIDAQSCXIDigitalInput.RIGHT FRONT LIGHTS POWER.Tag,"RIGHT FRONT LIGHTS POWER"
NIDAQSCXIDigitalInput.RIGHT FRONT LIGHTS POWER.Description,"Side Shift GND"
NIDAQSCXIDigitalInput.RIGHT FRONT LIGHTS POWER.Detail,"BLK(A-10) IO(109)"
NIDAQSCXIDigitalInput.RIGHT FRONT LIGHTS POWER.Drawing,"CAB(X078-1)  WIRE(3009)"
NIDAQSCXIDigitalInput.RIGHT FRONT LIGHTS POWER.Enabled,"0"
NIDAQSCXIDigitalInput.RIGHT FRONT LIGHTS POWER.DisplayGroup,"NIDAQSCXIDigitalInput"
NIDAQSCXIDigitalInput.RIGHT FRONT LIGHTS POWER.Format,""
NIDAQSCXIDigitalInput.RIGHT FRONT LIGHTS POWER.Module,"1"
NIDAQSCXIDigitalInput.RIGHT FRONT LIGHTS POWER.Port,"0"
NIDAQSCXIDigitalInput.RIGHT FRONT LIGHTS POWER.Channel,"9"
NIDAQSCXIDigitalInput.RIGHT FRONT LIGHTS POWER.Mask,"1"
NIDAQSCXIDigitalInput.RIGHT FRONT LIGHTS POWER.ChassisID,"1"
NIDAQSCXIDigitalInput.RIGHT FRONT LIGHTS POWER.Value,"0"
NIDAQSCXIDigitalInput.RIGHT FRONT LIGHTS GROUND.Tag,"RIGHT FRONT LIGHTS GROUND"
NIDAQSCXIDigitalInput.RIGHT FRONT LIGHTS GROUND.Description,"BLK(A-57) IO(224)"
NIDAQSCXIDigitalInput.RIGHT FRONT LIGHTS GROUND.Detail,"CAB(X078-1)  WIRE(G014)"
NIDAQSCXIDigitalInput.RIGHT FRONT LIGHTS GROUND.Drawing,""
NIDAQSCXIDigitalInput.RIGHT FRONT LIGHTS GROUND.Enabled,"0"
NIDAQSCXIDigitalInput.RIGHT FRONT LIGHTS GROUND.DisplayGroup,"NIDAQSCXIDigitalInput"
NIDAQSCXIDigitalInput.RIGHT FRONT LIGHTS GROUND.Format,""
NIDAQSCXIDigitalInput.RIGHT FRONT LIGHTS GROUND.Module,"2"
NIDAQSCXIDigitalInput.RIGHT FRONT LIGHTS GROUND.Port,"0"
NIDAQSCXIDigitalInput.RIGHT FRONT LIGHTS GROUND.Channel,"24"
NIDAQSCXIDigitalInput.RIGHT FRONT LIGHTS GROUND.Mask,"1"
NIDAQSCXIDigitalInput.RIGHT FRONT LIGHTS GROUND.ChassisID,"1"
NIDAQSCXIDigitalInput.RIGHT FRONT LIGHTS GROUND.Value,"1"
NIDAQSCXIDigitalInput.CENTER FRONT LIGHTS POWER.Tag,"CENTER FRONT LIGHTS POWER"
NIDAQSCXIDigitalInput.CENTER FRONT LIGHTS POWER.Description,"BLK(A-9) IO(108)"
NIDAQSCXIDigitalInput.CENTER FRONT LIGHTS POWER.Detail,"CAB(X079-1)  WIRE(3007)"
NIDAQSCXIDigitalInput.CENTER FRONT LIGHTS POWER.Drawing,""
NIDAQSCXIDigitalInput.CENTER FRONT LIGHTS POWER.Enabled,"0"
NIDAQSCXIDigitalInput.CENTER FRONT LIGHTS POWER.DisplayGroup,"NIDAQSCXIDigitalInput"
NIDAQSCXIDigitalInput.CENTER FRONT LIGHTS POWER.Format,""
NIDAQSCXIDigitalInput.CENTER FRONT LIGHTS POWER.Module,"1"
NIDAQSCXIDigitalInput.CENTER FRONT LIGHTS POWER.Port,"0"
NIDAQSCXIDigitalInput.CENTER FRONT LIGHTS POWER.Channel,"8"
NIDAQSCXIDigitalInput.CENTER FRONT LIGHTS POWER.Mask,"1"
NIDAQSCXIDigitalInput.CENTER FRONT LIGHTS POWER.ChassisID,"1"
NIDAQSCXIDigitalInput.CENTER FRONT LIGHTS POWER.Value,"0"
NIDAQSCXIDigitalInput.CENTER FRONT LIGHTS GROUND.Tag,"CENTER FRONT LIGHTS GROUND"
NIDAQSCXIDigitalInput.CENTER FRONT LIGHTS GROUND.Description,"BLK(A-56) IO(223)"
NIDAQSCXIDigitalInput.CENTER FRONT LIGHTS GROUND.Detail,"CAB(X079-2)  WIRE(G012)"
NIDAQSCXIDigitalInput.CENTER FRONT LIGHTS GROUND.Drawing,""
NIDAQSCXIDigitalInput.CENTER FRONT LIGHTS GROUND.Enabled,"0"
NIDAQSCXIDigitalInput.CENTER FRONT LIGHTS GROUND.DisplayGroup,"NIDAQSCXIDigitalInput"
NIDAQSCXIDigitalInput.CENTER FRONT LIGHTS GROUND.Format,""
NIDAQSCXIDigitalInput.CENTER FRONT LIGHTS GROUND.Module,"2"
NIDAQSCXIDigitalInput.CENTER FRONT LIGHTS GROUND.Port,"0"
NIDAQSCXIDigitalInput.CENTER FRONT LIGHTS GROUND.Channel,"23"
NIDAQSCXIDigitalInput.CENTER FRONT LIGHTS GROUND.Mask,"1"
NIDAQSCXIDigitalInput.CENTER FRONT LIGHTS GROUND.ChassisID,"1"
NIDAQSCXIDigitalInput.CENTER FRONT LIGHTS GROUND.Value,"1"
NIDAQSCXIDigitalInput.CENTER LEFT FRONT LIGHTS POWER.Tag,"CENTER LEFT FRONT LIGHTS POWER"
NIDAQSCXIDigitalInput.CENTER LEFT FRONT LIGHTS POWER.Description,"BLK(A-8) IO(107)"
NIDAQSCXIDigitalInput.CENTER LEFT FRONT LIGHTS POWER.Detail,"CAB(X080-1)  WIRE(3007)"
NIDAQSCXIDigitalInput.CENTER LEFT FRONT LIGHTS POWER.Drawing,""
NIDAQSCXIDigitalInput.CENTER LEFT FRONT LIGHTS POWER.Enabled,"0"
NIDAQSCXIDigitalInput.CENTER LEFT FRONT LIGHTS POWER.DisplayGroup,"NIDAQSCXIDigitalInput"
NIDAQSCXIDigitalInput.CENTER LEFT FRONT LIGHTS POWER.Format,""
NIDAQSCXIDigitalInput.CENTER LEFT FRONT LIGHTS POWER.Module,"1"
NIDAQSCXIDigitalInput.CENTER LEFT FRONT LIGHTS POWER.Port,"0"
NIDAQSCXIDigitalInput.CENTER LEFT FRONT LIGHTS POWER.Channel,"7"
NIDAQSCXIDigitalInput.CENTER LEFT FRONT LIGHTS POWER.Mask,"1"
NIDAQSCXIDigitalInput.CENTER LEFT FRONT LIGHTS POWER.ChassisID,"1"
NIDAQSCXIDigitalInput.CENTER LEFT FRONT LIGHTS POWER.Value,"0"
NIDAQSCXIDigitalInput.CENTER LEFT FRONT LIGHTS GROUND.Tag,"CENTER LEFT FRONT LIGHTS GROUND"
NIDAQSCXIDigitalInput.CENTER LEFT FRONT LIGHTS GROUND.Description,"BLK(A-55) IO(222)"
NIDAQSCXIDigitalInput.CENTER LEFT FRONT LIGHTS GROUND.Detail,"CAB(X080-2)  WIRE(G013)"
NIDAQSCXIDigitalInput.CENTER LEFT FRONT LIGHTS GROUND.Drawing,""
NIDAQSCXIDigitalInput.CENTER LEFT FRONT LIGHTS GROUND.Enabled,"0"
NIDAQSCXIDigitalInput.CENTER LEFT FRONT LIGHTS GROUND.DisplayGroup,"NIDAQSCXIDigitalInput"
NIDAQSCXIDigitalInput.CENTER LEFT FRONT LIGHTS GROUND.Format,""
NIDAQSCXIDigitalInput.CENTER LEFT FRONT LIGHTS GROUND.Module,"2"
NIDAQSCXIDigitalInput.CENTER LEFT FRONT LIGHTS GROUND.Port,"0"
NIDAQSCXIDigitalInput.CENTER LEFT FRONT LIGHTS GROUND.Channel,"22"
NIDAQSCXIDigitalInput.CENTER LEFT FRONT LIGHTS GROUND.Mask,"1"
NIDAQSCXIDigitalInput.CENTER LEFT FRONT LIGHTS GROUND.ChassisID,"1"
NIDAQSCXIDigitalInput.CENTER LEFT FRONT LIGHTS GROUND.Value,"1"
NIDAQSCXIDigitalInput.LEFT FRONT LIGHTS POWER.Tag,"LEFT FRONT LIGHTS POWER"
NIDAQSCXIDigitalInput.LEFT FRONT LIGHTS POWER.Description,"BLK(A-7) IO(106)"
NIDAQSCXIDigitalInput.LEFT FRONT LIGHTS POWER.Detail,"CAB(X081-1)  WIRE(3010)"
NIDAQSCXIDigitalInput.LEFT FRONT LIGHTS POWER.Drawing,""
NIDAQSCXIDigitalInput.LEFT FRONT LIGHTS POWER.Enabled,"0"
NIDAQSCXIDigitalInput.LEFT FRONT LIGHTS POWER.DisplayGroup,"NIDAQSCXIDigitalInput"
NIDAQSCXIDigitalInput.LEFT FRONT LIGHTS POWER.Format,""
NIDAQSCXIDigitalInput.LEFT FRONT LIGHTS POWER.Module,"1"
NIDAQSCXIDigitalInput.LEFT FRONT LIGHTS POWER.Port,"0"
NIDAQSCXIDigitalInput.LEFT FRONT LIGHTS POWER.Channel,"6"
NIDAQSCXIDigitalInput.LEFT FRONT LIGHTS POWER.Mask,"1"
NIDAQSCXIDigitalInput.LEFT FRONT LIGHTS POWER.ChassisID,"1"
NIDAQSCXIDigitalInput.LEFT FRONT LIGHTS POWER.Value,"0"
NIDAQSCXIDigitalInput.LEFT FRONT LIGHTS GROUND.Tag,"LEFT FRONT LIGHTS GROUND"
NIDAQSCXIDigitalInput.LEFT FRONT LIGHTS GROUND.Description,"BLK(A-54) IO(221)"
NIDAQSCXIDigitalInput.LEFT FRONT LIGHTS GROUND.Detail,"CAB(X081-2)  WIRE(G015)"
NIDAQSCXIDigitalInput.LEFT FRONT LIGHTS GROUND.Drawing,""
NIDAQSCXIDigitalInput.LEFT FRONT LIGHTS GROUND.Enabled,"0"
NIDAQSCXIDigitalInput.LEFT FRONT LIGHTS GROUND.DisplayGroup,"NIDAQSCXIDigitalInput"
NIDAQSCXIDigitalInput.LEFT FRONT LIGHTS GROUND.Format,""
NIDAQSCXIDigitalInput.LEFT FRONT LIGHTS GROUND.Module,"2"
NIDAQSCXIDigitalInput.LEFT FRONT LIGHTS GROUND.Port,"0"
NIDAQSCXIDigitalInput.LEFT FRONT LIGHTS GROUND.Channel,"21"
NIDAQSCXIDigitalInput.LEFT FRONT LIGHTS GROUND.Mask,"1"
NIDAQSCXIDigitalInput.LEFT FRONT LIGHTS GROUND.ChassisID,"1"
NIDAQSCXIDigitalInput.LEFT FRONT LIGHTS GROUND.Value,"1"
NIDAQSCXIDigitalInput.CIRCUIT BREAKER ALARM.Tag,"CIRCUIT BREAKER ALARM"
NIDAQSCXIDigitalInput.CIRCUIT BREAKER ALARM.Description,""
NIDAQSCXIDigitalInput.CIRCUIT BREAKER ALARM.Detail,""
NIDAQSCXIDigitalInput.CIRCUIT BREAKER ALARM.Drawing,""
NIDAQSCXIDigitalInput.CIRCUIT BREAKER ALARM.Enabled,"0"
NIDAQSCXIDigitalInput.CIRCUIT BREAKER ALARM.DisplayGroup,"TESTER"
NIDAQSCXIDigitalInput.CIRCUIT BREAKER ALARM.Format,""
NIDAQSCXIDigitalInput.CIRCUIT BREAKER ALARM.Module,"3"
NIDAQSCXIDigitalInput.CIRCUIT BREAKER ALARM.Port,"0"
NIDAQSCXIDigitalInput.CIRCUIT BREAKER ALARM.Channel,"23"
NIDAQSCXIDigitalInput.CIRCUIT BREAKER ALARM.Mask,"1"
NIDAQSCXIDigitalInput.CIRCUIT BREAKER ALARM.ChassisID,"1"
NIDAQSCXIDigitalInput.CIRCUIT BREAKER ALARM.Value,"0"
NIDAQSCXIAnalogInput.24VDC TEST VOLTAGE.Tag,"24VDC TEST VOLTAGE"
NIDAQSCXIAnalogInput.24VDC TEST VOLTAGE.Description,""
NIDAQSCXIAnalogInput.24VDC TEST VOLTAGE.Detail,""
NIDAQSCXIAnalogInput.24VDC TEST VOLTAGE.Drawing,""
NIDAQSCXIAnalogInput.24VDC TEST VOLTAGE.Enabled,"0"
NIDAQSCXIAnalogInput.24VDC TEST VOLTAGE.DisplayGroup,"TESTER"
NIDAQSCXIAnalogInput.24VDC TEST VOLTAGE.Format,"0"
NIDAQSCXIAnalogInput.24VDC TEST VOLTAGE.Unit,""
NIDAQSCXIAnalogInput.24VDC TEST VOLTAGE.Device,"1"
NIDAQSCXIAnalogInput.24VDC TEST VOLTAGE.Module,"6"
NIDAQSCXIAnalogInput.24VDC TEST VOLTAGE.Channel,"29"
NIDAQSCXIAnalogInput.24VDC TEST VOLTAGE.Gain,"1"
NIDAQSCXIAnalogInput.24VDC TEST VOLTAGE.Samples,"1"
NIDAQSCXIAnalogInput.24VDC TEST VOLTAGE.RWV1,"0"
NIDAQSCXIAnalogInput.24VDC TEST VOLTAGE.RWV2,"1"
NIDAQSCXIAnalogInput.24VDC TEST VOLTAGE.Offset,"0"
NIDAQSCXIAnalogInput.24VDC TEST VOLTAGE.Scaling,"10"
NIDAQSCXIAnalogInput.24VDC TEST VOLTAGE.CalibrationTag,""
NIDAQSCXIAnalogInput.24VDC TEST VOLTAGE.ChassisID,"1"
NIDAQSCXIAnalogInput.24VDC TEST VOLTAGE.Value,"24.0234375"
NIDAQSCXIAnalogInput.24VDC TEST VOLTAGE.RawValue,"2.40234375"
NIDAQSCXIAnalogInput.24VDC TEST VOLTAGE.InputMode,"1"
NIDAQSCXIAnalogInput.24VDC TEST VOLTAGE.InputRange,"10"
NIDAQSCXIAnalogInput.24VDC TEST VOLTAGE.Polarity,"0"
NIDAQSCXIAnalogInput.VOLT.Tag,"VOLT"
NIDAQSCXIAnalogInput.VOLT.Description,""
NIDAQSCXIAnalogInput.VOLT.Detail,""
NIDAQSCXIAnalogInput.VOLT.Drawing,""
NIDAQSCXIAnalogInput.VOLT.Enabled,"0"
NIDAQSCXIAnalogInput.VOLT.DisplayGroup,"TESTER"
NIDAQSCXIAnalogInput.VOLT.Format,"0"
NIDAQSCXIAnalogInput.VOLT.Unit,""
NIDAQSCXIAnalogInput.VOLT.Device,"1"
NIDAQSCXIAnalogInput.VOLT.Module,"6"
NIDAQSCXIAnalogInput.VOLT.Channel,"30"
NIDAQSCXIAnalogInput.VOLT.Gain,"1"
NIDAQSCXIAnalogInput.VOLT.Samples,"1"
NIDAQSCXIAnalogInput.VOLT.RWV1,"0"
NIDAQSCXIAnalogInput.VOLT.RWV2,"1"
NIDAQSCXIAnalogInput.VOLT.Offset,"0"
NIDAQSCXIAnalogInput.VOLT.Scaling,"10"
NIDAQSCXIAnalogInput.VOLT.CalibrationTag,""
NIDAQSCXIAnalogInput.VOLT.ChassisID,"1"
NIDAQSCXIAnalogInput.VOLT.Value,"27.5146484375"
NIDAQSCXIAnalogInput.VOLT.RawValue,"2.75146484375"
NIDAQSCXIAnalogInput.VOLT.InputMode,"1"
NIDAQSCXIAnalogInput.VOLT.InputRange,"10"
NIDAQSCXIAnalogInput.VOLT.Polarity,"0"
NIDAQSCXIAnalogInput.CUR.Tag,"CUR"
NIDAQSCXIAnalogInput.CUR.Description,""
NIDAQSCXIAnalogInput.CUR.Detail,""
NIDAQSCXIAnalogInput.CUR.Drawing,""
NIDAQSCXIAnalogInput.CUR.Enabled,"0"
NIDAQSCXIAnalogInput.CUR.DisplayGroup,"TESTER"
NIDAQSCXIAnalogInput.CUR.Format,"0"
NIDAQSCXIAnalogInput.CUR.Unit,""
NIDAQSCXIAnalogInput.CUR.Device,"1"
NIDAQSCXIAnalogInput.CUR.Module,"6"
NIDAQSCXIAnalogInput.CUR.Channel,"31"
NIDAQSCXIAnalogInput.CUR.Gain,"1"
NIDAQSCXIAnalogInput.CUR.Samples,"100"
NIDAQSCXIAnalogInput.CUR.RWV1,"0"
NIDAQSCXIAnalogInput.CUR.RWV2,"1"
NIDAQSCXIAnalogInput.CUR.Offset,"0"
NIDAQSCXIAnalogInput.CUR.Scaling,"200"
NIDAQSCXIAnalogInput.CUR.CalibrationTag,""
NIDAQSCXIAnalogInput.CUR.ChassisID,"1"
NIDAQSCXIAnalogInput.CUR.Value,"4.9267578125"
NIDAQSCXIAnalogInput.CUR.RawValue,"0.0244140625"
NIDAQSCXIAnalogInput.CUR.InputMode,"1"
NIDAQSCXIAnalogInput.CUR.InputRange,"5"
NIDAQSCXIAnalogInput.CUR.Polarity,"0"
NIDAQSCXIDigitalOutput.UNSWITCHED POWER.Tag,"UNSWITCHED POWER"
NIDAQSCXIDigitalOutput.UNSWITCHED POWER.Description,"BLK(STUD) IO(400)"
NIDAQSCXIDigitalOutput.UNSWITCHED POWER.Detail,""
NIDAQSCXIDigitalOutput.UNSWITCHED POWER.Drawing,""
NIDAQSCXIDigitalOutput.UNSWITCHED POWER.Enabled,"0"
NIDAQSCXIDigitalOutput.UNSWITCHED POWER.DisplayGroup,"TESTER"
NIDAQSCXIDigitalOutput.UNSWITCHED POWER.Format,""
NIDAQSCXIDigitalOutput.UNSWITCHED POWER.Module,"4"
NIDAQSCXIDigitalOutput.UNSWITCHED POWER.Port,"0"
NIDAQSCXIDigitalOutput.UNSWITCHED POWER.Channel,"0"
NIDAQSCXIDigitalOutput.UNSWITCHED POWER.Mask,"0"
NIDAQSCXIDigitalOutput.UNSWITCHED POWER.ChassisID,"1"
NIDAQSCXIDigitalOutput.UNSWITCHED POWER.Value,"-1"
NIDAQSCXIDigitalOutput.SWITCHED POWER.Tag,"SWITCHED POWER"
NIDAQSCXIDigitalOutput.SWITCHED POWER.Description,"BLK(STUD) IO(401)"
NIDAQSCXIDigitalOutput.SWITCHED POWER.Detail,""
NIDAQSCXIDigitalOutput.SWITCHED POWER.Drawing,""
NIDAQSCXIDigitalOutput.SWITCHED POWER.Enabled,"0"
NIDAQSCXIDigitalOutput.SWITCHED POWER.DisplayGroup,"TESTER"
NIDAQSCXIDigitalOutput.SWITCHED POWER.Format,""
NIDAQSCXIDigitalOutput.SWITCHED POWER.Module,"4"
NIDAQSCXIDigitalOutput.SWITCHED POWER.Port,"0"
NIDAQSCXIDigitalOutput.SWITCHED POWER.Channel,"1"
NIDAQSCXIDigitalOutput.SWITCHED POWER.Mask,"0"
NIDAQSCXIDigitalOutput.SWITCHED POWER.ChassisID,"1"
NIDAQSCXIDigitalOutput.SWITCHED POWER.Value,"0"
NIDAQSCXIDigitalOutput.12v OR 24v SELECT.Tag,"12v OR 24v SELECT"
NIDAQSCXIDigitalOutput.12v OR 24v SELECT.Description,"BLK(STUD) IO(402)"
NIDAQSCXIDigitalOutput.12v OR 24v SELECT.Detail,""
NIDAQSCXIDigitalOutput.12v OR 24v SELECT.Drawing,""
NIDAQSCXIDigitalOutput.12v OR 24v SELECT.Enabled,"0"
NIDAQSCXIDigitalOutput.12v OR 24v SELECT.DisplayGroup,"TESTER"
NIDAQSCXIDigitalOutput.12v OR 24v SELECT.Format,""
NIDAQSCXIDigitalOutput.12v OR 24v SELECT.Module,"4"
NIDAQSCXIDigitalOutput.12v OR 24v SELECT.Port,"0"
NIDAQSCXIDigitalOutput.12v OR 24v SELECT.Channel,"2"
NIDAQSCXIDigitalOutput.12v OR 24v SELECT.Mask,"0"
NIDAQSCXIDigitalOutput.12v OR 24v SELECT.ChassisID,"1"
NIDAQSCXIDigitalOutput.12v OR 24v SELECT.Value,"-1"
NIDAQSCXIDigitalInput.RemoteReset.Tag,"RemoteReset"
NIDAQSCXIDigitalInput.RemoteReset.Description,""
NIDAQSCXIDigitalInput.RemoteReset.Detail,""
NIDAQSCXIDigitalInput.RemoteReset.Drawing,""
NIDAQSCXIDigitalInput.RemoteReset.Enabled,"0"
NIDAQSCXIDigitalInput.RemoteReset.DisplayGroup,"TESTER"
NIDAQSCXIDigitalInput.RemoteReset.Format,""
NIDAQSCXIDigitalInput.RemoteReset.Module,"3"
NIDAQSCXIDigitalInput.RemoteReset.Port,"0"
NIDAQSCXIDigitalInput.RemoteReset.Channel,"24"
NIDAQSCXIDigitalInput.RemoteReset.Mask,"1"
NIDAQSCXIDigitalInput.RemoteReset.ChassisID,"1"
NIDAQSCXIDigitalInput.RemoteReset.Value,"0"
NIDAQSCXIDigitalInput.RemoteLeft.Tag,"RemoteLeft"
NIDAQSCXIDigitalInput.RemoteLeft.Description,""
NIDAQSCXIDigitalInput.RemoteLeft.Detail,""
NIDAQSCXIDigitalInput.RemoteLeft.Drawing,""
NIDAQSCXIDigitalInput.RemoteLeft.Enabled,"0"
NIDAQSCXIDigitalInput.RemoteLeft.DisplayGroup,"TESTER"
NIDAQSCXIDigitalInput.RemoteLeft.Format,""
NIDAQSCXIDigitalInput.RemoteLeft.Module,"3"
NIDAQSCXIDigitalInput.RemoteLeft.Port,"0"
NIDAQSCXIDigitalInput.RemoteLeft.Channel,"25"
NIDAQSCXIDigitalInput.RemoteLeft.Mask,"1"
NIDAQSCXIDigitalInput.RemoteLeft.ChassisID,"1"
NIDAQSCXIDigitalInput.RemoteLeft.Value,"0"
NIDAQSCXIDigitalInput.RemoteEnter.Tag,"RemoteEnter"
NIDAQSCXIDigitalInput.RemoteEnter.Description,""
NIDAQSCXIDigitalInput.RemoteEnter.Detail,""
NIDAQSCXIDigitalInput.RemoteEnter.Drawing,""
NIDAQSCXIDigitalInput.RemoteEnter.Enabled,"0"
NIDAQSCXIDigitalInput.RemoteEnter.DisplayGroup,"TESTER"
NIDAQSCXIDigitalInput.RemoteEnter.Format,""
NIDAQSCXIDigitalInput.RemoteEnter.Module,"3"
NIDAQSCXIDigitalInput.RemoteEnter.Port,"0"
NIDAQSCXIDigitalInput.RemoteEnter.Channel,"26"
NIDAQSCXIDigitalInput.RemoteEnter.Mask,"1"
NIDAQSCXIDigitalInput.RemoteEnter.ChassisID,"1"
NIDAQSCXIDigitalInput.RemoteEnter.Value,"0"
NIDAQSCXIDigitalInput.RemoteRight.Tag,"RemoteRight"
NIDAQSCXIDigitalInput.RemoteRight.Description,""
NIDAQSCXIDigitalInput.RemoteRight.Detail,""
NIDAQSCXIDigitalInput.RemoteRight.Drawing,""
NIDAQSCXIDigitalInput.RemoteRight.Enabled,"0"
NIDAQSCXIDigitalInput.RemoteRight.DisplayGroup,"TESTER"
NIDAQSCXIDigitalInput.RemoteRight.Format,""
NIDAQSCXIDigitalInput.RemoteRight.Module,"3"
NIDAQSCXIDigitalInput.RemoteRight.Port,"0"
NIDAQSCXIDigitalInput.RemoteRight.Channel,"27"
NIDAQSCXIDigitalInput.RemoteRight.Mask,"1"
NIDAQSCXIDigitalInput.RemoteRight.ChassisID,"1"
NIDAQSCXIDigitalInput.RemoteRight.Value,"0"
NIDAQSCXIDigitalInput.RemoteUp.Tag,"RemoteUp"
NIDAQSCXIDigitalInput.RemoteUp.Description,""
NIDAQSCXIDigitalInput.RemoteUp.Detail,""
NIDAQSCXIDigitalInput.RemoteUp.Drawing,""
NIDAQSCXIDigitalInput.RemoteUp.Enabled,"0"
NIDAQSCXIDigitalInput.RemoteUp.DisplayGroup,"TESTER"
NIDAQSCXIDigitalInput.RemoteUp.Format,""
NIDAQSCXIDigitalInput.RemoteUp.Module,"3"
NIDAQSCXIDigitalInput.RemoteUp.Port,"0"
NIDAQSCXIDigitalInput.RemoteUp.Channel,"28"
NIDAQSCXIDigitalInput.RemoteUp.Mask,"1"
NIDAQSCXIDigitalInput.RemoteUp.ChassisID,"1"
NIDAQSCXIDigitalInput.RemoteUp.Value,"0"
NIDAQSCXIDigitalInput.RemoteDown.Tag,"RemoteDown"
NIDAQSCXIDigitalInput.RemoteDown.Description,""
NIDAQSCXIDigitalInput.RemoteDown.Detail,""
NIDAQSCXIDigitalInput.RemoteDown.Drawing,""
NIDAQSCXIDigitalInput.RemoteDown.Enabled,"0"
NIDAQSCXIDigitalInput.RemoteDown.DisplayGroup,"TESTER"
NIDAQSCXIDigitalInput.RemoteDown.Format,""
NIDAQSCXIDigitalInput.RemoteDown.Module,"3"
NIDAQSCXIDigitalInput.RemoteDown.Port,"0"
NIDAQSCXIDigitalInput.RemoteDown.Channel,"29"
NIDAQSCXIDigitalInput.RemoteDown.Mask,"1"
NIDAQSCXIDigitalInput.RemoteDown.ChassisID,"1"
NIDAQSCXIDigitalInput.RemoteDown.Value,"0"
NIDAQSCXIDigitalInput.RemoteYes.Tag,"RemoteYes"
NIDAQSCXIDigitalInput.RemoteYes.Description,""
NIDAQSCXIDigitalInput.RemoteYes.Detail,""
NIDAQSCXIDigitalInput.RemoteYes.Drawing,""
NIDAQSCXIDigitalInput.RemoteYes.Enabled,"0"
NIDAQSCXIDigitalInput.RemoteYes.DisplayGroup,"TESTER"
NIDAQSCXIDigitalInput.RemoteYes.Format,""
NIDAQSCXIDigitalInput.RemoteYes.Module,"3"
NIDAQSCXIDigitalInput.RemoteYes.Port,"0"
NIDAQSCXIDigitalInput.RemoteYes.Channel,"30"
NIDAQSCXIDigitalInput.RemoteYes.Mask,"1"
NIDAQSCXIDigitalInput.RemoteYes.ChassisID,"1"
NIDAQSCXIDigitalInput.RemoteYes.Value,"0"
NIDAQSCXIDigitalInput.RemoteNo.Tag,"RemoteNo"
NIDAQSCXIDigitalInput.RemoteNo.Description,""
NIDAQSCXIDigitalInput.RemoteNo.Detail,""
NIDAQSCXIDigitalInput.RemoteNo.Drawing,""
NIDAQSCXIDigitalInput.RemoteNo.Enabled,"0"
NIDAQSCXIDigitalInput.RemoteNo.DisplayGroup,"TESTER"
NIDAQSCXIDigitalInput.RemoteNo.Format,""
NIDAQSCXIDigitalInput.RemoteNo.Module,"3"
NIDAQSCXIDigitalInput.RemoteNo.Port,"0"
NIDAQSCXIDigitalInput.RemoteNo.Channel,"31"
NIDAQSCXIDigitalInput.RemoteNo.Mask,"1"
NIDAQSCXIDigitalInput.RemoteNo.ChassisID,"1"
NIDAQSCXIDigitalInput.RemoteNo.Value,"0"
NICAN.Engine RPM.Tag,"Engine RPM"
NICAN.Engine RPM.Description,""
NICAN.Engine RPM.Detail,""
NICAN.Engine RPM.Drawing,""
NICAN.Engine RPM.Enabled,"0"
NICAN.Engine RPM.DisplayGroup,"NICAN"
NICAN.Engine RPM.Format,""
NICAN.Engine RPM.Unit,""
NICAN.Engine RPM.Warning,"0"
NICAN.Engine RPM.TimeStamp,"50618.11"
NICAN.Engine RPM.MessageName,"EEC1"
NICAN.Engine RPM.MessageNames,"SensorMessage1;SensorMessage2;SensorMessage3;JoystickData;EEC1;EngineData;KWP Request;KWP Responce DTC;Display;Denox;IT4Levers;UCM Diagnostic 2"
NICAN.Engine RPM.ChannelName,"NOT USED FOR TRANSMIT"
NICAN.Engine RPM.ChannelNames,"EEC1.Engine_RPM"
NICAN.Engine RPM.ChannelValues,"0"
NICAN.Engine RPM.Interface,"0"
NICAN.Engine RPM.Direction,"1"
NICAN.Engine RPM.SampleRate,"0"
NICAN.Engine RPM.CommandByte,"NOT USED FOR TRANSMIT"
NICAN.Engine RPM.CommandByteName,"NOT USED FOR TRANSMIT"
NICAN.Engine RPM.Value,"0"
NICAN.EngineData.Tag,"EngineData"
NICAN.EngineData.Description,""
NICAN.EngineData.Detail,""
NICAN.EngineData.Drawing,""
NICAN.EngineData.Enabled,"0"
NICAN.EngineData.DisplayGroup,"NICAN"
NICAN.EngineData.Format,""
NICAN.EngineData.Unit,""
NICAN.EngineData.Warning,"0"
NICAN.EngineData.TimeStamp,"50616.48"
NICAN.EngineData.MessageName,"EngineData"
NICAN.EngineData.MessageNames,"SensorMessage1;SensorMessage2;SensorMessage3;JoystickData;EEC1;EngineData;KWP Request;KWP Responce DTC;Display;Denox;IT4Levers;UCM Diagnostic 2"
NICAN.EngineData.ChannelName,"NOT USED FOR TRANSMIT"
NICAN.EngineData.ChannelNames,"EngineData.EngineCoolantTemp"
NICAN.EngineData.ChannelValues,"40"
NICAN.EngineData.Interface,"0"
NICAN.EngineData.Direction,"1"
NICAN.EngineData.SampleRate,"0"
NICAN.EngineData.CommandByte,"NOT USED FOR TRANSMIT"
NICAN.EngineData.CommandByteName,"NOT USED FOR TRANSMIT"
NICAN.EngineData.Value,"0"
NICAN.FwdBwdAxisProportionalSighal.Tag,"FwdBwdAxisProportionalSighal"
NICAN.FwdBwdAxisProportionalSighal.Description,""
NICAN.FwdBwdAxisProportionalSighal.Detail,""
NICAN.FwdBwdAxisProportionalSighal.Drawing,""
NICAN.FwdBwdAxisProportionalSighal.Enabled,"0"
NICAN.FwdBwdAxisProportionalSighal.DisplayGroup,"NICAN"
NICAN.FwdBwdAxisProportionalSighal.Format,""
NICAN.FwdBwdAxisProportionalSighal.Unit,""
NICAN.FwdBwdAxisProportionalSighal.Warning,"0"
NICAN.FwdBwdAxisProportionalSighal.TimeStamp,"50616.48"
NICAN.FwdBwdAxisProportionalSighal.MessageName,"JoystickData"
NICAN.FwdBwdAxisProportionalSighal.MessageNames,"SensorMessage1;SensorMessage2;SensorMessage3;JoystickData;EEC1;EngineData;KWP Request;KWP Responce DTC;Display;Denox;IT4Levers;UCM Diagnostic 2"
NICAN.FwdBwdAxisProportionalSighal.ChannelName,"NOT USED FOR TRANSMIT"
NICAN.FwdBwdAxisProportionalSighal.ChannelNames,"JoystickData.FwdBwdAxisProportionalSighal;JoystickData.RightLeftAxisProportionalSignal;JoystickData.InternalPB1;JoystickData.InternalPB2"
NICAN.FwdBwdAxisProportionalSighal.ChannelValues,"125;125;0;0"
NICAN.FwdBwdAxisProportionalSighal.Interface,"0"
NICAN.FwdBwdAxisProportionalSighal.Direction,"1"
NICAN.FwdBwdAxisProportionalSighal.SampleRate,"0"
NICAN.FwdBwdAxisProportionalSighal.CommandByte,"NOT USED FOR TRANSMIT"
NICAN.FwdBwdAxisProportionalSighal.CommandByteName,"NOT USED FOR TRANSMIT"
NICAN.FwdBwdAxisProportionalSighal.Value,"0"
NICAN.Throttle.Tag,"Throttle"
NICAN.Throttle.Description,""
NICAN.Throttle.Detail,""
NICAN.Throttle.Drawing,""
NICAN.Throttle.Enabled,"0"
NICAN.Throttle.DisplayGroup,"NICAN"
NICAN.Throttle.Format,"0"
NICAN.Throttle.Unit,""
NICAN.Throttle.Warning,"Unknown NI-CAN status code 3ff62009 (-1)
"
NICAN.Throttle.TimeStamp,"2436.5"
NICAN.Throttle.MessageName,"IT4Levers"
NICAN.Throttle.MessageNames,"SensorMessage1;SensorMessage2;SensorMessage3;JoystickData;EEC1;EngineData;KWP Request;KWP Responce DTC;Display;Denox;IT4Levers;UCM Diagnostic 2"
NICAN.Throttle.ChannelName,"IT4Levers.Throttle"
NICAN.Throttle.ChannelNames,"IT4Levers.Throttle;IT4Levers.FootPedal"
NICAN.Throttle.ChannelValues,"4561;4083"
NICAN.Throttle.Interface,"0"
NICAN.Throttle.Direction,"0"
NICAN.Throttle.SampleRate,"100"
NICAN.Throttle.CommandByte,"-1"
NICAN.Throttle.CommandByteName,""
NICAN.Throttle.Value,"4561"
NICAN.FootPedal.Tag,"FootPedal"
NICAN.FootPedal.Description,""
NICAN.FootPedal.Detail,""
NICAN.FootPedal.Drawing,""
NICAN.FootPedal.Enabled,"0"
NICAN.FootPedal.DisplayGroup,"NICAN"
NICAN.FootPedal.Format,"0"
NICAN.FootPedal.Unit,""
NICAN.FootPedal.Warning,"Unknown NI-CAN status code 3ff62009 (-1)
"
NICAN.FootPedal.TimeStamp,"2436.5"
NICAN.FootPedal.MessageName,"IT4Levers"
NICAN.FootPedal.MessageNames,"SensorMessage1;SensorMessage2;SensorMessage3;JoystickData;EEC1;EngineData;KWP Request;KWP Responce DTC;Display;Denox;IT4Levers;UCM Diagnostic 2"
NICAN.FootPedal.ChannelName,"IT4Levers.FootPedal"
NICAN.FootPedal.ChannelNames,"IT4Levers.Throttle;IT4Levers.FootPedal"
NICAN.FootPedal.ChannelValues,"4561;4083"
NICAN.FootPedal.Interface,"0"
NICAN.FootPedal.Direction,"0"
NICAN.FootPedal.SampleRate,"100"
NICAN.FootPedal.CommandByte,"-1"
NICAN.FootPedal.CommandByteName,""
NICAN.FootPedal.Value,"4083"
NICAN.Denox1.Tag,"Denox1"
NICAN.Denox1.Description,""
NICAN.Denox1.Detail,""
NICAN.Denox1.Drawing,""
NICAN.Denox1.Enabled,"0"
NICAN.Denox1.DisplayGroup,"NICAN"
NICAN.Denox1.Format,""
NICAN.Denox1.Unit,""
NICAN.Denox1.Warning,"0"
NICAN.Denox1.TimeStamp,"50616.48"
NICAN.Denox1.MessageName,"Denox"
NICAN.Denox1.MessageNames,"SensorMessage1;SensorMessage2;SensorMessage3;JoystickData;EEC1;EngineData;KWP Request;KWP Responce DTC;Display;Denox;IT4Levers;UCM Diagnostic 2"
NICAN.Denox1.ChannelName,"NOT USED FOR TRANSMIT"
NICAN.Denox1.ChannelNames,"Denox.Denox1;Denox.Denox2;Denox.Denox3;Denox.Denox4;Denox.Denox5;Denox.Denox6;Denox.Denox7;Denox.Denox8"
NICAN.Denox1.ChannelValues,"0;254;255;255;0;0;3;27"
NICAN.Denox1.Interface,"0"
NICAN.Denox1.Direction,"1"
NICAN.Denox1.SampleRate,"0"
NICAN.Denox1.CommandByte,"NOT USED FOR TRANSMIT"
NICAN.Denox1.CommandByteName,"NOT USED FOR TRANSMIT"
NICAN.Denox1.Value,"0"
KeyboardCLS.Ka.Tag,"Ka"
KeyboardCLS.Ka.Description,"a Key"
KeyboardCLS.Ka.Detail,""
KeyboardCLS.Ka.DisplayGroup,"KeyboardCLS"
KeyboardCLS.Ka.Format,""
KeyboardCLS.Ka.KeyCode,"65"
KeyboardCLS.Ka.Value,"0"
KeyboardCLS.Ky.Tag,"Ky"
KeyboardCLS.Ky.Description,"y Key"
KeyboardCLS.Ky.Detail,""
KeyboardCLS.Ky.DisplayGroup,"KeyboardCLS"
KeyboardCLS.Ky.Format,""
KeyboardCLS.Ky.KeyCode,"89"
KeyboardCLS.Ky.Value,"0"
KeyboardCLS.Kn.Tag,"Kn"
KeyboardCLS.Kn.Description,"n Key"
KeyboardCLS.Kn.Detail,""
KeyboardCLS.Kn.DisplayGroup,"KeyboardCLS"
KeyboardCLS.Kn.Format,""
KeyboardCLS.Kn.KeyCode,"78"
KeyboardCLS.Kn.Value,"0"
KeyboardCLS.Kenter.Tag,"Kenter"
KeyboardCLS.Kenter.Description,"Enter Key"
KeyboardCLS.Kenter.Detail,""
KeyboardCLS.Kenter.DisplayGroup,"KeyboardCLS"
KeyboardCLS.Kenter.Format,""
KeyboardCLS.Kenter.KeyCode,"13"
KeyboardCLS.Kenter.Value,"0"
Display.Properties.Tag,"Properties"
Display.Properties.Description,""
Display.Properties.DisplayGroup,"Display"
Display.Properties.Left,"9210"
Display.Properties.Top,"90"
Display.Properties.Width,"7965"
Display.Properties.Height,"7320"
Display.Properties.FontName,"Courier New"
Display.Properties.FontSize,"9.75"
Display.Properties.FontBold,"-1"
Display.Properties.WindowState,"0"
Display.Digital Inputs.Tag,"Digital Inputs"
Display.Digital Inputs.Description,""
Display.Digital Inputs.DisplayGroup,"Display"
Display.Digital Inputs.Left,"15030"
Display.Digital Inputs.Top,"7395"
Display.Digital Inputs.Width,"1500"
Display.Digital Inputs.Height,"1610"
Display.Digital Inputs.FontName,"Courier New"
Display.Digital Inputs.FontSize,"8.25"
Display.Digital Inputs.FontBold,"0"
Display.Digital Inputs.WindowState,"0"
Display.Digital Outputs.Tag,"Digital Outputs"
Display.Digital Outputs.Description,""
Display.Digital Outputs.DisplayGroup,"Display"
Display.Digital Outputs.Left,"1110"
Display.Digital Outputs.Top,"3825"
Display.Digital Outputs.Width,"1500"
Display.Digital Outputs.Height,"665"
Display.Digital Outputs.FontName,"Courier New"
Display.Digital Outputs.FontSize,"8.25"
Display.Digital Outputs.FontBold,"0"
Display.Digital Outputs.WindowState,"0"
Display.NIDAQSCXIDigitalInput.Tag,"NIDAQSCXIDigitalInput"
Display.NIDAQSCXIDigitalInput.Description,""
Display.NIDAQSCXIDigitalInput.DisplayGroup,"Display"
Display.NIDAQSCXIDigitalInput.Left,"300"
Display.NIDAQSCXIDigitalInput.Top,"6675"
Display.NIDAQSCXIDigitalInput.Width,"14430"
Display.NIDAQSCXIDigitalInput.Height,"3815"
Display.NIDAQSCXIDigitalInput.FontName,"Courier New"
Display.NIDAQSCXIDigitalInput.FontSize,"8.25"
Display.NIDAQSCXIDigitalInput.FontBold,"0"
Display.NIDAQSCXIDigitalInput.WindowState,"0"
Display.NIDAQSCXIDigitalOutput.Tag,"NIDAQSCXIDigitalOutput"
Display.NIDAQSCXIDigitalOutput.Description,""
Display.NIDAQSCXIDigitalOutput.DisplayGroup,"Display"
Display.NIDAQSCXIDigitalOutput.Left,"3585"
Display.NIDAQSCXIDigitalOutput.Top,"900"
Display.NIDAQSCXIDigitalOutput.Width,"5460"
Display.NIDAQSCXIDigitalOutput.Height,"2870"
Display.NIDAQSCXIDigitalOutput.FontName,"Courier New"
Display.NIDAQSCXIDigitalOutput.FontSize,"8.25"
Display.NIDAQSCXIDigitalOutput.FontBold,"0"
Display.NIDAQSCXIDigitalOutput.WindowState,"0"
Display.NIDAQSCXIAnalogInput.Tag,"NIDAQSCXIAnalogInput"
Display.NIDAQSCXIAnalogInput.Description,""
Display.NIDAQSCXIAnalogInput.DisplayGroup,"Display"
Display.NIDAQSCXIAnalogInput.Left,"210"
Display.NIDAQSCXIAnalogInput.Top,"45"
Display.NIDAQSCXIAnalogInput.Width,"6135"
Display.NIDAQSCXIAnalogInput.Height,"3185"
Display.NIDAQSCXIAnalogInput.FontName,"Courier New"
Display.NIDAQSCXIAnalogInput.FontSize,"8.25"
Display.NIDAQSCXIAnalogInput.FontBold,"0"
Display.NIDAQSCXIAnalogInput.WindowState,"0"
Display.NIDAQFreqOutput.Tag,"NIDAQFreqOutput"
Display.NIDAQFreqOutput.Description,""
Display.NIDAQFreqOutput.DisplayGroup,"Display"
Display.NIDAQFreqOutput.Left,"1050"
Display.NIDAQFreqOutput.Top,"5250"
Display.NIDAQFreqOutput.Width,"1500"
Display.NIDAQFreqOutput.Height,"980"
Display.NIDAQFreqOutput.FontName,"Courier New"
Display.NIDAQFreqOutput.FontSize,"8.25"
Display.NIDAQFreqOutput.FontBold,"0"
Display.NIDAQFreqOutput.WindowState,"0"
Display.TESTER.Tag,"TESTER"
Display.TESTER.Description,""
Display.TESTER.DisplayGroup,"Display"
Display.TESTER.Left,"17430"
Display.TESTER.Top,"135"
Display.TESTER.Width,"1500"
Display.TESTER.Height,"5075"
Display.TESTER.FontName,"Courier New"
Display.TESTER.FontSize,"8.25"
Display.TESTER.FontBold,"0"
Display.TESTER.WindowState,"0"
Display.KeyboardCLS.Tag,"KeyboardCLS"
Display.KeyboardCLS.Description,""
Display.KeyboardCLS.DisplayGroup,"Display"
Display.KeyboardCLS.Left,"15030"
Display.KeyboardCLS.Top,"5340"
Display.KeyboardCLS.Width,"1500"
Display.KeyboardCLS.Height,"1610"
Display.KeyboardCLS.FontName,"Courier New"
Display.KeyboardCLS.FontSize,"8.25"
Display.KeyboardCLS.FontBold,"0"
Display.KeyboardCLS.WindowState,"0"
Display.Display.Tag,"Display"
Display.Display.Description,""
Display.Display.DisplayGroup,"Display"
Display.Display.Left,"17325"
Display.Display.Top,"5295"
Display.Display.Width,"1500"
Display.Display.Height,"4130"
Display.Display.FontName,"Courier New"
Display.Display.FontSize,"8.25"
Display.Display.FontBold,"0"
Display.Display.WindowState,"0"
Display.NIDAQDigitalInput.Tag,"NIDAQDigitalInput"
Display.NIDAQDigitalInput.Description,""
Display.NIDAQDigitalInput.DisplayGroup,"Display"
Display.NIDAQDigitalInput.Left,"4020"
Display.NIDAQDigitalInput.Top,"1050"
Display.NIDAQDigitalInput.Width,"1500"
Display.NIDAQDigitalInput.Height,"665"
Display.NIDAQDigitalInput.FontName,"Courier New"
Display.NIDAQDigitalInput.FontSize,"8.25"
Display.NIDAQDigitalInput.FontBold,"0"
Display.NIDAQDigitalInput.WindowState,"0"
Display.NICAN.Tag,"NICAN"
Display.NICAN.Description,""
Display.NICAN.DisplayGroup,"Display"
Display.NICAN.Left,"3360"
Display.NICAN.Top,"4500"
Display.NICAN.Width,"3900"
Display.NICAN.Height,"2870"
Display.NICAN.FontName,"Courier New"
Display.NICAN.FontSize,"8.25"
Display.NICAN.FontBold,"0"
Display.NICAN.WindowState,"0"
NICAN.Park Brake Enable Switch.Tag,"Park Brake Enable Switch"
NICAN.Park Brake Enable Switch.Description,""
NICAN.Park Brake Enable Switch.Detail,""
NICAN.Park Brake Enable Switch.Drawing,""
NICAN.Park Brake Enable Switch.Enabled,"0"
NICAN.Park Brake Enable Switch.DisplayGroup,"NICAN"
NICAN.Park Brake Enable Switch.Format,"0"
NICAN.Park Brake Enable Switch.Unit,""
NICAN.Park Brake Enable Switch.Warning,"Unknown NI-CAN status code 3ff62009 (-1)
"
NICAN.Park Brake Enable Switch.TimeStamp,"2436.5"
NICAN.Park Brake Enable Switch.MessageName,"UCM Diagnostic 2"
NICAN.Park Brake Enable Switch.MessageNames,"SensorMessage1;SensorMessage2;SensorMessage3;JoystickData;EEC1;EngineData;KWP Request;KWP Responce DTC;Display;Denox;IT4Levers;UCM Diagnostic 2"
NICAN.Park Brake Enable Switch.ChannelName,"UCM Diagnostic 2.Park Brake Enable Switch"
NICAN.Park Brake Enable Switch.ChannelNames,"UCM Diagnostic 2.Park Brake Enable Switch;UCM Diagnostic 2.Leveling Switch;UCM Diagnostic 2.Impliment Enable Switch;UCM Diagnostic 2.Park Brake Pressure Switch"
NICAN.Park Brake Enable Switch.ChannelValues,"2;0;0;1"
NICAN.Park Brake Enable Switch.Interface,"0"
NICAN.Park Brake Enable Switch.Direction,"0"
NICAN.Park Brake Enable Switch.SampleRate,"100"
NICAN.Park Brake Enable Switch.CommandByte,"-1"
NICAN.Park Brake Enable Switch.CommandByteName,""
NICAN.Park Brake Enable Switch.Value,"2"
NICAN.Park Brake Pressure Switch.Tag,"Park Brake Pressure Switch"
NICAN.Park Brake Pressure Switch.Description,""
NICAN.Park Brake Pressure Switch.Detail,""
NICAN.Park Brake Pressure Switch.Drawing,""
NICAN.Park Brake Pressure Switch.Enabled,"0"
NICAN.Park Brake Pressure Switch.DisplayGroup,"NICAN"
NICAN.Park Brake Pressure Switch.Format,"0"
NICAN.Park Brake Pressure Switch.Unit,""
NICAN.Park Brake Pressure Switch.Warning,"Unknown NI-CAN status code 3ff62009 (-1)
"
NICAN.Park Brake Pressure Switch.TimeStamp,"2436.5"
NICAN.Park Brake Pressure Switch.MessageName,"UCM Diagnostic 2"
NICAN.Park Brake Pressure Switch.MessageNames,"SensorMessage1;SensorMessage2;SensorMessage3;JoystickData;EEC1;EngineData;KWP Request;KWP Responce DTC;Display;Denox;IT4Levers;UCM Diagnostic 2"
NICAN.Park Brake Pressure Switch.ChannelName,"UCM Diagnostic 2.Park Brake Pressure Switch"
NICAN.Park Brake Pressure Switch.ChannelNames,"UCM Diagnostic 2.Park Brake Enable Switch;UCM Diagnostic 2.Leveling Switch;UCM Diagnostic 2.Impliment Enable Switch;UCM Diagnostic 2.Park Brake Pressure Switch"
NICAN.Park Brake Pressure Switch.ChannelValues,"2;0;0;1"
NICAN.Park Brake Pressure Switch.Interface,"0"
NICAN.Park Brake Pressure Switch.Direction,"0"
NICAN.Park Brake Pressure Switch.SampleRate,"100"
NICAN.Park Brake Pressure Switch.CommandByte,"-1"
NICAN.Park Brake Pressure Switch.CommandByteName,""
NICAN.Park Brake Pressure Switch.Value,"1"
